Workbook
Name AprAward: 'Monthly OPP Awards'!$A$60:$I$69
Name AprOffer: 'Monthly OPP Awards'!$A$6:$D$13
Name AprOffer: 'Strip Award'!#REF!
Name AprOffer: 'Apr OPP'!$A$17:$R$24
Name AugAward: 'Monthly OPP Awards'!$A$38:$I$69
Name AugOffer: 'Feb OPP'!$A$17:$R$24
Name cell1: 'Monthly OPP Awards'!#REF!
Name cell2: 'Monthly OPP Awards'!#REF!
Name cell3: 'Monthly OPP Awards'!#REF!
Name DecAward: 'Monthly OPP Awards'!$A$16:$I$69
Name DecOffer: 'Dec OPP'!$A$17:$R$24
Name FebAward: 'Monthly OPP Awards'!$A$38:$I$69
Name FebOffer: 'Feb OPP'!$A$17:$R$24
Name JanAward: 'Monthly OPP Awards'!$A$27:$I$69
Name JanOffer: 'Jan OPP'!$A$17:$R$24
Name JulAward: 'Monthly OPP Awards'!$A$27:$I$69
Name JulOffer: 'Jan OPP'!$A$17:$R$24
Name JunAward: 'Monthly OPP Awards'!$A$16:$I$69
Name JunOffer: 'Dec OPP'!$A$17:$R$24
Name MarAward: 'Monthly OPP Awards'!$A$49:$I$69
Name MarOffer: 'Mar OPP'!$A$17:$R$24
Name MayAward: 'Monthly OPP Awards'!$A$5:$I$69
Name MayOffer: 'Nov OPP'!$A$17:$R$24
Name NovAward: 'Monthly OPP Awards'!$A$5:$I$69
Name NovOffer: 'Nov OPP'!$A$17:$R$24
Name OctAward: 'Monthly OPP Awards'!$A$60:$I$69
Name OctOffer: 'Monthly OPP Awards'!$A$6:$D$13
Name OctOffer: 'Strip Award'!#REF!
Name OctOffer: 'Apr OPP'!$A$17:$R$24
Name opp1insrow: 'Monthly OPP Awards'!#REF!
Name opp2insrow: 'Monthly OPP Awards'!#REF!
Name opp3insrow: 'Monthly OPP Awards'!#REF!
Name opp4insrow: 'Monthly OPP Awards'!#REF!
Name opp5insrow: 'Monthly OPP Awards'!#REF!
Name opp6insrow: 'Monthly OPP Awards'!#REF!
Name oppdiff1: 'Monthly OPP Awards'!$A$115
Name oppdiff2: 'Monthly OPP Awards'!#REF!
Name oppdiff3: 'Monthly OPP Awards'!$B$115
Name oppdiff4: 'Monthly OPP Awards'!#REF!
Name oppdiff5: 'Monthly OPP Awards'!$C$115
Name oppdiff6: 'Monthly OPP Awards'!$D$115
Name SepAward: 'Monthly OPP Awards'!$A$49:$I$69
Name SepOffer: 'Mar OPP'!$A$17:$R$24
Name StripAward: 'Strip Award'!$A$16:$I$25
Name StripOffer: 'Offers-Strip'!$A$17:$R$24
Name sumdiff: 'Monthly OPP Awards'!$F$115
Name temp: 'Monthly OPP Awards'!$A$5:$H$17
Name temp: 'Strip Award'!$A$11:$H$15
Name temp: #REF!
Name Templete: 'Nov OPP'!$A$3:$AB$40

Sheet Instruction Page
A3: This workbook has been redesigned to increase the accuracy of information being transferred to the auction model and to facilitate the rapid transfer of award
A4: notices to sellers.
A6: In order to meet the above goals each spreadsheet page requires that information be entered in a consistent format and that changes to the workbook be made
A7: in a manner that does not destroy links and formulas. The following steps must adhered to:
A9: Special Notes:
B10: 1. Pages prior to the periods being offered must be deleted.
B11: 2. Do not delete pages between the current obligation month and the last month of the Obligation Procurement Period (OPP).
B12: 3. Do not make any changes to awards pages. Award pages are for the use of NYISO Employees only.
B13: 4. Do not enter any information in the red colored cells
B14: 5. Do not delete rows highlighted in yellow.
A16: Strip auctions:
B17: 1. Do Not submit detached pages. Transmit entire workbook.
B18: 2. Do not use this page for monthly offers.
B19: 3. Enter the obligation procurement period in cell "E8."
B20: 4. Enter the date offer is submitted in "L8."
B21: 5. Enter your "Registrant Name:" in cell "E11." This information will appear in the "Seller's Name" area when PTID #'s are entered.
B22: 6. If you resubmit an offer during an auction day, then increase the submittal number by one.
B23: 7. Enter the time, in military standard units, when this workbook is transmitted to the ISO. (example 15:00 equals 3:00 PM)
B24: 8. In rows 17 through 24 enter your offer information. | G24: All locations have been prefilled with zeros, do not forget to enter the number 1 for the chosen location.
C25: a. If more rows are needed, push "Insert Rows" button
C26: b. If less rows are needed, push "Delete Rows" button. Do not delete row with yellow bar.
C27: c. Do not enter in formation in the red cells
C28: d. If you do not have a "PTID #," because you are reselling from an auction, then enter "NYISO Auction."
B29: 9. Enter your name in cell "C30."
B30: 10. Enter your telephone number in cell "L30."
B31: 11. Enter the company name for in cell "C34."
B32: 12. Enter required information in cells "C35" to "C40."
A34: Monthly auctions (OPP):
B35: 1. Do Not submit detached pages. Transmit entire workbook.
B36: 2. Do not use these pages for the strip auction.
B37: 3. Enter the obligation procurement month in cells "E8" on each page.
B38: 4. Enter the date offer is submitted in "L8."
B39: 5. Enter your "Registrant Name:" in cell "E11." This information will appear in the "Seller's Name" area when PTID #'s are entered.
B40: 6. If you resubmit an offer during an auction day, then increase the submittal number by one.
B41: 7. Enter the time, in military standard units, when this workbook is transmitted to the ISO. (example 15:00 equals 3:00 PM)
B42: 8. In rows 17 through 24 enter your offer information. | G42: All locations have been prefilled with zeros, do not forget to enter a number 1 for the chosen location.
C43: a. If more rows are needed, push "Insert Rows" button
C44: b. If less rows are needed, push "Delete Rows" button. Do not delete row with yellow bar.
C45: c. Do not enter in formation in the red cells
C46: d. If you do not have a "PTID #," because you are reselling from an auction, then enter "NYISO Auction."
B47: 9. Enter your name in cell "C32."
B48: 10. Enter your telephone number in cell "L32."
B49: 11. Enter the company name for in cell "C34." Do not use this workbook for multiple companies.
B50: 12. Enter required information in cells "C35" to "C40."
B52: PTID | C52: Resource Name
B53: 1 | C53: ISOStrpS
B54: 2 | C54: ISOMoMAY
B55: 3 | C55: ISODfMAY
B56: 4 | C56: ISOSuMay
B57: 5 | C57: ISOMoJUN
B58: 6 | C58: ISODfJUN
B59: 7 | C59: ISOSuJun
B60: 8 | C60: ISOMoJUL
B61: 9 | C61: ISODfJUL
B62: 10 | C62: ISOSuJul
B63: 11 | C63: ISOMoAUG
B64: 12 | C64: ISODfAUG
... B591: 999999 | C591: Not defined as of this publication

Sheet Offers-Strip
D3: SUBMIT TO: | I3: New York Independent System Operator
D4: sellicap@nyiso.com | I4: Installed Capacity (UCAP) Strip Auction
I6: Offers to Sell
D8: Auction Period: | K8: Date submitted:
G9: Submittal Number | K9: Time submitted:
D11: Registrant Name:
A12: Not To Be Used For Single Monthly Auction
B14: Seller's | F14: Minimum Price | G14: Amount (MW) | H14: Location ( indicate a (1) for chosen area and (0) for other areas)
A15: Offer# | B15: Name | C15: NYC | D15: PTID# | E15: Resource Name | F15: [($/kW- 6 month) | G15: [express to | H15: NYC | I15: LI | J15: ROS* | K15: PJM | L15: ISO-NE | M15: HQ | N15: O-IMO
C16: Mitigated | F16: express to nearest $.01] | G16: nearest 0.1 MW]
A17: 1 | B17: =IF(D17=0," ",+$E$11) | C17: N | E17: =IF(ISERROR(VLOOKUP(D17,$C$80:$D$700,2)),"",VLOOKUP(D17,$C$80:$D$700,2)) | H17: 0 | I17: 0 | J17: 0 | K17: 0 | L17: 0 | M17: 0 | N17: 0 | O17: =+$E$8 -> 0 | P17: =+$G$8 -> 0 | Q17: =+$M$8 -> 0 | R17: =+$M$9 -> 0 | S17: =IF(AND(OR(H17=0,H17=1),OR(I17=0,I17=1),OR(J17=0,J17=1),OR(K17=0,K17=1),OR(L17=0,L17=1),OR(N17=0,N17=1),OR(M17=0,M17=1)),0,1) -> 0 | T17: =IF(L17+N17>0,1,0) -> 0 | U17: =IF(SUM(H17:N17)>1,1,0) -> 0 | V17: =IF(AND(G17>0,SUM(H17:N17)=0),1,0) -> 0 | W17: =IF(H17>0,1,0) -> 0
A18: =COUNT($A$17:A17)+1 -> 2 | B18: =IF(D18=0," ",+$E$11) | C18: N | E18: =IF(ISERROR(VLOOKUP(D18,$C$80:$D$700,2)),"",VLOOKUP(D18,$C$80:$D$700,2)) | H18: 0 | I18: 0 | J18: 0 | K18: 0 | L18: 0 | M18: 0 | N18: 0 | O18: =+$E$8 -> 0 | P18: =+$G$8 -> 0 | Q18: =+$M$8 -> 0 | R18: =+$M$9 -> 0 | S18: =IF(AND(OR(H18=0,H18=1),OR(I18=0,I18=1),OR(J18=0,J18=1),OR(K18=0,K18=1),OR(L18=0,L18=1),OR(N18=0,N18=1),OR(M18=0,M18=1)),0,1) -> 0 | T18: =IF(L18+N18>0,1,0) -> 0 | U18: =IF(SUM(H18:N18)>1,1,0) -> 0 | V18: =IF(AND(G18>0,SUM(H18:N18)=0),1,0) -> 0 | W18: =IF(H18>0,1,0) -> 0
A19: =COUNT($A$17:A18)+1 -> 3 | B19: =IF(D19=0," ",+$E$11) | C19: N | E19: =IF(ISERROR(VLOOKUP(D19,$C$80:$D$700,2)),"",VLOOKUP(D19,$C$80:$D$700,2)) | H19: 0 | I19: 0 | J19: 0 | K19: 0 | L19: 0 | M19: 0 | N19: 0 | O19: =+$E$8 -> 0 | P19: =+$G$8 -> 0 | Q19: =+$M$8 -> 0 | R19: =+$M$9 -> 0 | S19: =IF(AND(OR(H19=0,H19=1),OR(I19=0,I19=1),OR(J19=0,J19=1),OR(K19=0,K19=1),OR(L19=0,L19=1),OR(N19=0,N19=1),OR(M19=0,M19=1)),0,1) -> 0 | T19: =IF(L19+N19>0,1,0) -> 0 | U19: =IF(SUM(H19:N19)>1,1,0) -> 0 | V19: =IF(AND(G19>0,SUM(H19:N19)=0),1,0) -> 0 | W19: =IF(H19>0,1,0) -> 0
A20: =COUNT($A$17:A19)+1 -> 4 | B20: =IF(D20=0," ",+$E$11) | C20: N | E20: =IF(ISERROR(VLOOKUP(D20,$C$80:$D$700,2)),"",VLOOKUP(D20,$C$80:$D$700,2)) | H20: 0 | I20: 0 | J20: 0 | K20: 0 | L20: 0 | M20: 0 | N20: 0 | O20: =+$E$8 -> 0 | P20: =+$G$8 -> 0 | Q20: =+$M$8 -> 0 | R20: =+$M$9 -> 0 | S20: =IF(AND(OR(H20=0,H20=1),OR(I20=0,I20=1),OR(J20=0,J20=1),OR(K20=0,K20=1),OR(L20=0,L20=1),OR(N20=0,N20=1),OR(M20=0,M20=1)),0,1) -> 0 | T20: =IF(L20+N20>0,1,0) -> 0 | U20: =IF(SUM(H20:N20)>1,1,0) -> 0 | V20: =IF(AND(G20>0,SUM(H20:N20)=0),1,0) -> 0 | W20: =IF(H20>0,1,0) -> 0
A21: =COUNT($A$17:A20)+1 -> 5 | B21: =IF(D21=0," ",+$E$11) | C21: N | E21: =IF(ISERROR(VLOOKUP(D21,$C$80:$D$700,2)),"",VLOOKUP(D21,$C$80:$D$700,2)) | H21: 0 | I21: 0 | J21: 0 | K21: 0 | L21: 0 | M21: 0 | N21: 0 | O21: =+$E$8 -> 0 | P21: =+$G$8 -> 0 | Q21: =+$M$8 -> 0 | R21: =+$M$9 -> 0 | S21: =IF(AND(OR(H21=0,H21=1),OR(I21=0,I21=1),OR(J21=0,J21=1),OR(K21=0,K21=1),OR(L21=0,L21=1),OR(N21=0,N21=1),OR(M21=0,M21=1)),0,1) -> 0 | T21: =IF(L21+N21>0,1,0) -> 0 | U21: =IF(SUM(H21:N21)>1,1,0) -> 0 | V21: =IF(AND(G21>0,SUM(H21:N21)=0),1,0) -> 0 | W21: =IF(H21>0,1,0) -> 0
A22: =COUNT($A$17:A21)+1 -> 6 | B22: =IF(D22=0," ",+$E$11) | C22: N | E22: =IF(ISERROR(VLOOKUP(D22,$C$80:$D$700,2)),"",VLOOKUP(D22,$C$80:$D$700,2)) | H22: 0 | I22: 0 | J22: 0 | K22: 0 | L22: 0 | M22: 0 | N22: 0 | O22: =+$E$8 -> 0 | P22: =+$G$8 -> 0 | Q22: =+$M$8 -> 0 | R22: =+$M$9 -> 0 | S22: =IF(AND(OR(H22=0,H22=1),OR(I22=0,I22=1),OR(J22=0,J22=1),OR(K22=0,K22=1),OR(L22=0,L22=1),OR(N22=0,N22=1),OR(M22=0,M22=1)),0,1) -> 0 | T22: =IF(L22+N22>0,1,0) -> 0 | U22: =IF(SUM(H22:N22)>1,1,0) -> 0 | V22: =IF(AND(G22>0,SUM(H22:N22)=0),1,0) -> 0 | W22: =IF(H22>0,1,0) -> 0
A23: =COUNT($A$17:A22)+1 -> 7 | B23: =IF(D23=0," ",+$E$11) | C23: N | E23: =IF(ISERROR(VLOOKUP(D23,$C$80:$D$700,2)),"",VLOOKUP(D23,$C$80:$D$700,2)) | H23: 0 | I23: 0 | J23: 0 | K23: 0 | L23: 0 | M23: 0 | N23: 0 | O23: =+$E$8 -> 0 | P23: =+$G$8 -> 0 | Q23: =+$M$8 -> 0 | R23: =+$M$9 -> 0 | S23: =IF(AND(OR(H23=0,H23=1),OR(I23=0,I23=1),OR(J23=0,J23=1),OR(K23=0,K23=1),OR(L23=0,L23=1),OR(N23=0,N23=1),OR(M23=0,M23=1)),0,1) -> 0 | T23: =IF(L23+N23>0,1,0) -> 0 | U23: =IF(SUM(H23:N23)>1,1,0) -> 0 | V23: =IF(AND(G23>0,SUM(H23:N23)=0),1,0) -> 0 | W23: =IF(H23>0,1,0) -> 0
A24: =COUNT($A$17:A23)+1 -> 8 | B24: =IF(D24=0," ",+$E$11) | C24: N | E24: =IF(ISERROR(VLOOKUP(D24,$C$80:$D$700,2)),"",VLOOKUP(D24,$C$80:$D$700,2)) | H24: 0 | I24: 0 | J24: 0 | K24: 0 | L24: 0 | M24: 0 | N24: 0 | O24: =+$E$8 -> 0 | P24: =+$G$8 -> 0 | Q24: =+$M$8 -> 0 | R24: =+$M$9 -> 0 | S24: =IF(AND(OR(H24=0,H24=1),OR(I24=0,I24=1),OR(J24=0,J24=1),OR(K24=0,K24=1),OR(L24=0,L24=1),OR(N24=0,N24=1),OR(M24=0,M24=1)),0,1) -> 0 | T24: =IF(L24+N24>0,1,0) -> 0 | U24: =IF(SUM(H24:N24)>1,1,0) -> 0 | V24: =IF(AND(G24>0,SUM(H24:N24)=0),1,0) -> 0 | W24: =IF(H24>0,1,0) -> 0
I25: =IF(T25+S25+U25+V25>0,"WARNING:","") | J25: =IF(S25>0,"Values above must be 1's or 0's",IF(T25>0,"NE and Ontario are not participating. These must be 0's",IF(U25>0,"Choose one location only",IF(V25>0,"You must select a location","")))) | S25: =SUM(S17:S24) -> 0 | T25: =SUM(T17:T24) -> 0 | U25: =SUM(U17:U24) -> 0 | V25: =SUM(V17:V24) -> 0 | W25: =SUM(W17:W24) -> 0
A26: Instructions:
A27: * Rest of State - New York Control Area outside of New York City & Long Island
B28: Do Not Delete Yellow Row
B29: Do Not Enter Information
B31: Your Name | J31: Contact Phone#:
F32: Comments:
B33: Company Name:
B34: Company Address:
B39: Contact E-Mail:
A79: Short Name | B79: Logical | C79: PTID | D79: Resource Name
A80: 1stRoch | B80: Y | C80: 1 | D80: ISOStrpS
A81: 3mP&P | B81: N | C81: 2 | D81: ISOMoMAY
A82: AdvantEn | C82: 3 | D82: ISODfMAY
A83: AEPSysOp | C83: 4 | D83: ISOSuMay
A84: AESCreRe | C84: 5 | D84: ISOMoJUN
A85: AESEastE | C85: 6 | D85: ISODfJUN
A86: AESNuEn | C86: 7 | D86: ISOSuJun
A87: AgwayES | C87: 8 | D87: ISOMoJUL
A88: AllegEnS | C88: 9 | D88: ISODfJUL
A89: AllegPwr | C89: 10 | D89: ISOSuJul
A90: AmerHess | C90: 11 | D90: ISOMoAUG
A91: AmherUtl | C91: 12 | D91: ISODfAUG
A92: AquilEPM | C92: 13 | D92: ISOSuAug
A93: AstGenCo | C93: 14 | D93: ISOMoSEP
... A259: WillEnMT | C259: 521 | D259: ETK521
C260: 522 | D260: ETK522
C261: 523 | D261: ETK523
C262: 524 | D262: ETK524
C263: 525 | D263: ETK525
C264: 526 | D264: ETK526
C265: 527 | D265: ETK527
C266: 528 | D266: ETK528
C267: 529 | D267: ETK529
C268: 530 | D268: ETK530
C269: 531 | D269: ETK531
C270: 532 | D270: ETK532
C271: 601 | D271: ENR601
... C618: 999999 | D618: Not defined as of this publication

Sheet Nov OPP
D3: SUBMIT TO: | I3: New York Independent System Operator
D4: sellicap@nyiso.com | I4: Installed Capacity (UCAP) Strip Auction
I6: Offers to Sell
H7: Not To Be Used For The Strip Auction
D8: Auction Month: | E8: November | G8: 1 | K8: Date submitted: | M8: 36526
G9: Submittal Number | K9: Time submitted: | M9: 0.625
D11: Registrant Name:
B14: Seller's | F14: Minimum Price | G14: Amount (MW) | H14: Location ( indicate a (1) for chosen area and (0) for other areas)
A15: Offer# | B15: Name | C15: NYC | D15: PTID# | E15: Resource Name | F15: [($/kW- per month) | G15: [express to | H15: NYC | I15: LI | J15: ROS* | K15: PJM | L15: ISO-NE | M15: HQ | N15: O-IMO
C16: Mitigated | F16: express to nearest $.01] | G16: nearest 0.1 MW]
A17: 1 | B17: =IF(D17=0," ",+$E$11) | C17: N | E17: =IF(ISERROR(VLOOKUP(D17,$C$80:$D$700,2)),"",VLOOKUP(D17,$C$80:$D$700,2)) | H17: 0 | I17: 0 | J17: 0 | K17: 0 | L17: 0 | M17: 0 | N17: 0 | O17: =+$E$8 -> November | P17: =+$G$8 -> 1 | Q17: =+$M$8 -> 36526 | R17: =+$M$9 -> 0.625 | S17: =IF(AND(OR(H17=0,H17=1),OR(I17=0,I17=1),OR(J17=0,J17=1),OR(K17=0,K17=1),OR(L17=0,L17=1),OR(N17=0,N17=1),OR(M17=0,M17=1)),0,1) -> 0 | T17: =IF(L17+N17>0,1,0) -> 0 | U17: =IF(SUM(H17:N17)>1,1,0) -> 0 | V17: =IF(AND(G17>0,SUM(H17:N17)=0),1,0) -> 0 | W17: =IF(H17>0,1,0) -> 0
A18: =COUNT($A$17:A17)+1 -> 2 | B18: =IF(D18=0," ",+$E$11) | C18: N | E18: =IF(ISERROR(VLOOKUP(D18,$C$80:$D$700,2)),"",VLOOKUP(D18,$C$80:$D$700,2)) | H18: 0 | I18: 0 | J18: 0 | K18: 0 | L18: 0 | M18: 0 | N18: 0 | O18: =+$E$8 -> November | P18: =+$G$8 -> 1 | Q18: =+$M$8 -> 36526 | R18: =+$M$9 -> 0.625 | S18: =IF(AND(OR(H18=0,H18=1),OR(I18=0,I18=1),OR(J18=0,J18=1),OR(K18=0,K18=1),OR(L18=0,L18=1),OR(N18=0,N18=1),OR(M18=0,M18=1)),0,1) -> 0 | T18: =IF(L18+N18>0,1,0) -> 0 | U18: =IF(SUM(H18:N18)>1,1,0) -> 0 | V18: =IF(AND(G18>0,SUM(H18:N18)=0),1,0) -> 0 | W18: =IF(H18>0,1,0) -> 0
A19: =COUNT($A$17:A18)+1 -> 3 | B19: =IF(D19=0," ",+$E$11) | C19: N | E19: =IF(ISERROR(VLOOKUP(D19,$C$80:$D$700,2)),"",VLOOKUP(D19,$C$80:$D$700,2)) | H19: 0 | I19: 0 | J19: 0 | K19: 0 | L19: 0 | M19: 0 | N19: 0 | O19: =+$E$8 -> November | P19: =+$G$8 -> 1 | Q19: =+$M$8 -> 36526 | R19: =+$M$9 -> 0.625 | S19: =IF(AND(OR(H19=0,H19=1),OR(I19=0,I19=1),OR(J19=0,J19=1),OR(K19=0,K19=1),OR(L19=0,L19=1),OR(N19=0,N19=1),OR(M19=0,M19=1)),0,1) -> 0 | T19: =IF(L19+N19>0,1,0) -> 0 | U19: =IF(SUM(H19:N19)>1,1,0) -> 0 | V19: =IF(AND(G19>0,SUM(H19:N19)=0),1,0) -> 0 | W19: =IF(H19>0,1,0) -> 0
A20: =COUNT($A$17:A19)+1 -> 4 | B20: =IF(D20=0," ",+$E$11) | C20: N | E20: =IF(ISERROR(VLOOKUP(D20,$C$80:$D$700,2)),"",VLOOKUP(D20,$C$80:$D$700,2)) | H20: 0 | I20: 0 | J20: 0 | K20: 0 | L20: 0 | M20: 0 | N20: 0 | O20: =+$E$8 -> November | P20: =+$G$8 -> 1 | Q20: =+$M$8 -> 36526 | R20: =+$M$9 -> 0.625 | S20: =IF(AND(OR(H20=0,H20=1),OR(I20=0,I20=1),OR(J20=0,J20=1),OR(K20=0,K20=1),OR(L20=0,L20=1),OR(N20=0,N20=1),OR(M20=0,M20=1)),0,1) -> 0 | T20: =IF(L20+N20>0,1,0) -> 0 | U20: =IF(SUM(H20:N20)>1,1,0) -> 0 | V20: =IF(AND(G20>0,SUM(H20:N20)=0),1,0) -> 0 | W20: =IF(H20>0,1,0) -> 0
A21: =COUNT($A$17:A20)+1 -> 5 | B21: =IF(D21=0," ",+$E$11) | C21: N | E21: =IF(ISERROR(VLOOKUP(D21,$C$80:$D$700,2)),"",VLOOKUP(D21,$C$80:$D$700,2)) | H21: 0 | I21: 0 | J21: 0 | K21: 0 | L21: 0 | M21: 0 | N21: 0 | O21: =+$E$8 -> November | P21: =+$G$8 -> 1 | Q21: =+$M$8 -> 36526 | R21: =+$M$9 -> 0.625 | S21: =IF(AND(OR(H21=0,H21=1),OR(I21=0,I21=1),OR(J21=0,J21=1),OR(K21=0,K21=1),OR(L21=0,L21=1),OR(N21=0,N21=1),OR(M21=0,M21=1)),0,1) -> 0 | T21: =IF(L21+N21>0,1,0) -> 0 | U21: =IF(SUM(H21:N21)>1,1,0) -> 0 | V21: =IF(AND(G21>0,SUM(H21:N21)=0),1,0) -> 0 | W21: =IF(H21>0,1,0) -> 0
A22: =COUNT($A$17:A21)+1 -> 6 | B22: =IF(D22=0," ",+$E$11) | C22: N | E22: =IF(ISERROR(VLOOKUP(D22,$C$80:$D$700,2)),"",VLOOKUP(D22,$C$80:$D$700,2)) | H22: 0 | I22: 0 | J22: 0 | K22: 0 | L22: 0 | M22: 0 | N22: 0 | O22: =+$E$8 -> November | P22: =+$G$8 -> 1 | Q22: =+$M$8 -> 36526 | R22: =+$M$9 -> 0.625 | S22: =IF(AND(OR(H22=0,H22=1),OR(I22=0,I22=1),OR(J22=0,J22=1),OR(K22=0,K22=1),OR(L22=0,L22=1),OR(N22=0,N22=1),OR(M22=0,M22=1)),0,1) -> 0 | T22: =IF(L22+N22>0,1,0) -> 0 | U22: =IF(SUM(H22:N22)>1,1,0) -> 0 | V22: =IF(AND(G22>0,SUM(H22:N22)=0),1,0) -> 0 | W22: =IF(H22>0,1,0) -> 0
A23: =COUNT($A$17:A22)+1 -> 7 | B23: =IF(D23=0," ",+$E$11) | C23: N | E23: =IF(ISERROR(VLOOKUP(D23,$C$80:$D$700,2)),"",VLOOKUP(D23,$C$80:$D$700,2)) | H23: 0 | I23: 0 | J23: 0 | K23: 0 | L23: 0 | M23: 0 | N23: 0 | O23: =+$E$8 -> November | P23: =+$G$8 -> 1 | Q23: =+$M$8 -> 36526 | R23: =+$M$9 -> 0.625 | S23: =IF(AND(OR(H23=0,H23=1),OR(I23=0,I23=1),OR(J23=0,J23=1),OR(K23=0,K23=1),OR(L23=0,L23=1),OR(N23=0,N23=1),OR(M23=0,M23=1)),0,1) -> 0 | T23: =IF(L23+N23>0,1,0) -> 0 | U23: =IF(SUM(H23:N23)>1,1,0) -> 0 | V23: =IF(AND(G23>0,SUM(H23:N23)=0),1,0) -> 0 | W23: =IF(H23>0,1,0) -> 0
A24: =COUNT($A$17:A23)+1 -> 8 | B24: =IF(D24=0," ",+$E$11) | C24: N | E24: =IF(ISERROR(VLOOKUP(D24,$C$80:$D$700,2)),"",VLOOKUP(D24,$C$80:$D$700,2)) | H24: 0 | I24: 0 | J24: 0 | K24: 0 | L24: 0 | M24: 0 | N24: 0 | O24: =+$E$8 -> November | P24: =+$G$8 -> 1 | Q24: =+$M$8 -> 36526 | R24: =+$M$9 -> 0.625 | S24: =IF(AND(OR(H24=0,H24=1),OR(I24=0,I24=1),OR(J24=0,J24=1),OR(K24=0,K24=1),OR(L24=0,L24=1),OR(N24=0,N24=1),OR(M24=0,M24=1)),0,1) -> 0 | T24: =IF(L24+N24>0,1,0) -> 0 | U24: =IF(SUM(H24:N24)>1,1,0) -> 0 | V24: =IF(AND(G24>0,SUM(H24:N24)=0),1,0) -> 0 | W24: =IF(H24>0,1,0) -> 0
I25: =IF(T25+S25+U25+V25>0,"WARNING:","") | J25: =IF(S25>0,"Values above must be 1's or 0's",IF(T25>0,"NE and Ontario are not participating. These must be 0's",IF(U25>0,"Choose one location only",IF(V25>0,"You must select a location","")))) | S25: =SUM(S17:S24) -> 0 | T25: =SUM(T17:T24) -> 0 | U25: =SUM(U17:U24) -> 0 | V25: =SUM(V17:V24) -> 0 | W25: =SUM(W17:W24) -> 0
A26: Instructions:
A27: * Rest of State - New York Control Area outside of New York City & Long Island
B28: Do Not Delete Yellow Row
B29: Do Not Enter Information
D30: Contact Name: | K30: Contact Phone#:
B32: Your Name | C32: Your Name Goes Here | J32: Contact Phone#: | L32: Your Phone # Here
F33: Comments:
B34: Company Name: | C34: Company
B35: Company Address: | C35: Address 1
C36: Address 2
C37: Address 3
C38: City, State Zip
B40: Contact E-Mail: | C40: your @ address here
A79: Short Name | B79: Logical | C79: PTID | D79: Resource Name
A80: 1stRoch | B80: Y | C80: 1 | D80: ISOStrpS
A81: 3mP&P | B81: N | C81: 2 | D81: ISOMoMAY
A82: AdvantEn | C82: 3 | D82: ISODfMAY
A83: AEPSysOp | C83: 4 | D83: ISOSuMay
A84: AESCreRe | C84: 5 | D84: ISOMoJUN
A85: AESEastE | C85: 6 | D85: ISODfJUN
A86: AESNuEn | C86: 7 | D86: ISOSuJun
A87: AgwayES | C87: 8 | D87: ISOMoJUL
A88: AllegEnS | C88: 9 | D88: ISODfJUL
A89: AllegPwr | C89: 10 | D89: ISOSuJul
A90: AmerHess | C90: 11 | D90: ISOMoAUG
A91: AmherUtl | C91: 12 | D91: ISODfAUG
A92: AquilEPM | C92: 13 | D92: ISOSuAug
A93: AstGenCo | C93: 14 | D93: ISOMoSEP
... A259: WillEnMT | C259: 521 | D259: ETK521
C260: 522 | D260: ETK522
C261: 523 | D261: ETK523
C262: 524 | D262: ETK524
C263: 525 | D263: ETK525
C264: 526 | D264: ETK526
C265: 527 | D265: ETK527
C266: 528 | D266: ETK528
C267: 529 | D267: ETK529
C268: 530 | D268: ETK530
C269: 531 | D269: ETK531
C270: 532 | D270: ETK532
C271: 601 | D271: ENR601
... C618: 999999 | D618: Not defined as of this publication

Sheet Dec OPP
D3: SUBMIT TO: | I3: New York Independent System Operator
D4: sellicap@nyiso.com | I4: Installed Capacity (UCAP) Strip Auction
I6: Offers to Sell
H7: Not To Be Used For The Strip Auction
C8: Auction Month: | E8: December | G8: 1 | K8: Date submitted: | M8: =+'Nov OPP'!M8 -> 36526
G9: Submittal Number | K9: Time submitted: | M9: =+'Nov OPP'!M9 -> 0.625
C11: Registrant Name:
B14: Seller's | F14: Minimum Price | G14: Amount (MW) | H14: Location ( indicate a (1) for chosen area and (0) for other areas)
A15: Offer# | B15: Name | C15: NYC | D15: PTID# | E15: Resource Name | F15: [($/kW- per month) | G15: [express to | H15: NYC | I15: LI | J15: ROS* | K15: PJM | L15: ISO-NE | M15: HQ | N15: O-IMO
C16: Mitigated | F16: express to nearest $.01] | G16: nearest 0.1 MW]
A17: 1 | B17: =IF(D17=0," ",+$E$11) | C17: N | E17: =IF(ISERROR(VLOOKUP(D17,$C$80:$D$700,2)),"",VLOOKUP(D17,$C$80:$D$700,2)) | H17: 0 | I17: 0 | J17: 0 | K17: 0 | L17: 0 | M17: 0 | N17: 0 | O17: =+$E$8 -> December | P17: =+$G$8 -> 1 | Q17: =+$M$8 -> 36526 | R17: =+$M$9 -> 0.625 | S17: =IF(AND(OR(H17=0,H17=1),OR(I17=0,I17=1),OR(J17=0,J17=1),OR(K17=0,K17=1),OR(L17=0,L17=1),OR(N17=0,N17=1),OR(M17=0,M17=1)),0,1) -> 0 | T17: =IF(L17+N17>0,1,0) -> 0 | U17: =IF(SUM(H17:N17)>1,1,0) -> 0 | V17: =IF(AND(G17>0,SUM(H17:N17)=0),1,0) -> 0 | W17: =IF(H17>0,1,0) -> 0
A18: =COUNT($A$17:A17)+1 -> 2 | B18: =IF(D18=0," ",+$E$11) | C18: N | E18: =IF(ISERROR(VLOOKUP(D18,$C$80:$D$700,2)),"",VLOOKUP(D18,$C$80:$D$700,2)) | H18: 0 | I18: 0 | J18: 0 | K18: 0 | L18: 0 | M18: 0 | N18: 0 | O18: =+$E$8 -> December | P18: =+$G$8 -> 1 | Q18: =+$M$8 -> 36526 | R18: =+$M$9 -> 0.625 | S18: =IF(AND(OR(H18=0,H18=1),OR(I18=0,I18=1),OR(J18=0,J18=1),OR(K18=0,K18=1),OR(L18=0,L18=1),OR(N18=0,N18=1),OR(M18=0,M18=1)),0,1) -> 0 | T18: =IF(L18+N18>0,1,0) -> 0 | U18: =IF(SUM(H18:N18)>1,1,0) -> 0 | V18: =IF(AND(G18>0,SUM(H18:N18)=0),1,0) -> 0 | W18: =IF(H18>0,1,0) -> 0
A19: =COUNT($A$17:A18)+1 -> 3 | B19: =IF(D19=0," ",+$E$11) | C19: N | E19: =IF(ISERROR(VLOOKUP(D19,$C$80:$D$700,2)),"",VLOOKUP(D19,$C$80:$D$700,2)) | H19: 0 | I19: 0 | J19: 0 | K19: 0 | L19: 0 | M19: 0 | N19: 0 | O19: =+$E$8 -> December | P19: =+$G$8 -> 1 | Q19: =+$M$8 -> 36526 | R19: =+$M$9 -> 0.625 | S19: =IF(AND(OR(H19=0,H19=1),OR(I19=0,I19=1),OR(J19=0,J19=1),OR(K19=0,K19=1),OR(L19=0,L19=1),OR(N19=0,N19=1),OR(M19=0,M19=1)),0,1) -> 0 | T19: =IF(L19+N19>0,1,0) -> 0 | U19: =IF(SUM(H19:N19)>1,1,0) -> 0 | V19: =IF(AND(G19>0,SUM(H19:N19)=0),1,0) -> 0 | W19: =IF(H19>0,1,0) -> 0
A20: =COUNT($A$17:A19)+1 -> 4 | B20: =IF(D20=0," ",+$E$11) | C20: N | E20: =IF(ISERROR(VLOOKUP(D20,$C$80:$D$700,2)),"",VLOOKUP(D20,$C$80:$D$700,2)) | H20: 0 | I20: 0 | J20: 0 | K20: 0 | L20: 0 | M20: 0 | N20: 0 | O20: =+$E$8 -> December | P20: =+$G$8 -> 1 | Q20: =+$M$8 -> 36526 | R20: =+$M$9 -> 0.625 | S20: =IF(AND(OR(H20=0,H20=1),OR(I20=0,I20=1),OR(J20=0,J20=1),OR(K20=0,K20=1),OR(L20=0,L20=1),OR(N20=0,N20=1),OR(M20=0,M20=1)),0,1) -> 0 | T20: =IF(L20+N20>0,1,0) -> 0 | U20: =IF(SUM(H20:N20)>1,1,0) -> 0 | V20: =IF(AND(G20>0,SUM(H20:N20)=0),1,0) -> 0 | W20: =IF(H20>0,1,0) -> 0
A21: =COUNT($A$17:A20)+1 -> 5 | B21: =IF(D21=0," ",+$E$11) | C21: N | E21: =IF(ISERROR(VLOOKUP(D21,$C$80:$D$700,2)),"",VLOOKUP(D21,$C$80:$D$700,2)) | H21: 0 | I21: 0 | J21: 0 | K21: 0 | L21: 0 | M21: 0 | N21: 0 | O21: =+$E$8 -> December | P21: =+$G$8 -> 1 | Q21: =+$M$8 -> 36526 | R21: =+$M$9 -> 0.625 | S21: =IF(AND(OR(H21=0,H21=1),OR(I21=0,I21=1),OR(J21=0,J21=1),OR(K21=0,K21=1),OR(L21=0,L21=1),OR(N21=0,N21=1),OR(M21=0,M21=1)),0,1) -> 0 | T21: =IF(L21+N21>0,1,0) -> 0 | U21: =IF(SUM(H21:N21)>1,1,0) -> 0 | V21: =IF(AND(G21>0,SUM(H21:N21)=0),1,0) -> 0 | W21: =IF(H21>0,1,0) -> 0
A22: =COUNT($A$17:A21)+1 -> 6 | B22: =IF(D22=0," ",+$E$11) | C22: N | E22: =IF(ISERROR(VLOOKUP(D22,$C$80:$D$700,2)),"",VLOOKUP(D22,$C$80:$D$700,2)) | H22: 0 | I22: 0 | J22: 0 | K22: 0 | L22: 0 | M22: 0 | N22: 0 | O22: =+$E$8 -> December | P22: =+$G$8 -> 1 | Q22: =+$M$8 -> 36526 | R22: =+$M$9 -> 0.625 | S22: =IF(AND(OR(H22=0,H22=1),OR(I22=0,I22=1),OR(J22=0,J22=1),OR(K22=0,K22=1),OR(L22=0,L22=1),OR(N22=0,N22=1),OR(M22=0,M22=1)),0,1) -> 0 | T22: =IF(L22+N22>0,1,0) -> 0 | U22: =IF(SUM(H22:N22)>1,1,0) -> 0 | V22: =IF(AND(G22>0,SUM(H22:N22)=0),1,0) -> 0 | W22: =IF(H22>0,1,0) -> 0
A23: =COUNT($A$17:A22)+1 -> 7 | B23: =IF(D23=0," ",+$E$11) | C23: N | E23: =IF(ISERROR(VLOOKUP(D23,$C$80:$D$700,2)),"",VLOOKUP(D23,$C$80:$D$700,2)) | H23: 0 | I23: 0 | J23: 0 | K23: 0 | L23: 0 | M23: 0 | N23: 0 | O23: =+$E$8 -> December | P23: =+$G$8 -> 1 | Q23: =+$M$8 -> 36526 | R23: =+$M$9 -> 0.625 | S23: =IF(AND(OR(H23=0,H23=1),OR(I23=0,I23=1),OR(J23=0,J23=1),OR(K23=0,K23=1),OR(L23=0,L23=1),OR(N23=0,N23=1),OR(M23=0,M23=1)),0,1) -> 0 | T23: =IF(L23+N23>0,1,0) -> 0 | U23: =IF(SUM(H23:N23)>1,1,0) -> 0 | V23: =IF(AND(G23>0,SUM(H23:N23)=0),1,0) -> 0 | W23: =IF(H23>0,1,0) -> 0
A24: =COUNT($A$17:A23)+1 -> 8 | B24: =IF(D24=0," ",+$E$11) | C24: N | E24: =IF(ISERROR(VLOOKUP(D24,$C$80:$D$700,2)),"",VLOOKUP(D24,$C$80:$D$700,2)) | H24: 0 | I24: 0 | J24: 0 | K24: 0 | L24: 0 | M24: 0 | N24: 0 | O24: =+$E$8 -> December | P24: =+$G$8 -> 1 | Q24: =+$M$8 -> 36526 | R24: =+$M$9 -> 0.625 | S24: =IF(AND(OR(H24=0,H24=1),OR(I24=0,I24=1),OR(J24=0,J24=1),OR(K24=0,K24=1),OR(L24=0,L24=1),OR(N24=0,N24=1),OR(M24=0,M24=1)),0,1) -> 0 | T24: =IF(L24+N24>0,1,0) -> 0 | U24: =IF(SUM(H24:N24)>1,1,0) -> 0 | V24: =IF(AND(G24>0,SUM(H24:N24)=0),1,0) -> 0 | W24: =IF(H24>0,1,0) -> 0
I25: =IF(T25+S25+U25+V25>0,"WARNING:","") | J25: =IF(S25>0,"Values above must be 1's or 0's",IF(T25>0,"NE and Ontario are not participating. These must be 0's",IF(U25>0,"Choose one location only",IF(V25>0,"You must select a location","")))) | S25: =SUM(S17:S24) -> 0 | T25: =SUM(T17:T24) -> 0 | U25: =SUM(U17:U24) -> 0 | V25: =SUM(V17:V24) -> 0 | W25: =SUM(W17:W24) -> 0
A26: Instructions:
A27: * Rest of State - New York Control Area outside of New York City & Long Island
B28: Do Not Delete Yellow Row
B29: Do Not Enter Information
D30: Contact Name: | K30: Contact Phone#:
B32: Your Name | C32: =+'Nov OPP'!C32 -> Your Name Goes Here | J32: Contact Phone#: | L32: =+'Nov OPP'!L32 -> Your Phone # Here
F33: Comments:
B34: Company Name: | C34: =+'Nov OPP'!C34 -> Company
B35: Company Address: | C35: =+'Nov OPP'!C35 -> Address 1
C36: =+'Nov OPP'!C36 -> Address 2
C37: =+'Nov OPP'!C37 -> Address 3
C38: =+'Nov OPP'!C38 -> City, State Zip
B40: Contact E-Mail: | C40: =+'Nov OPP'!C40 -> your @ address here
A79: Short Name | B79: Logical | C79: PTID | D79: Resource Name
A80: 1stRoch | B80: Y | C80: 1 | D80: ISOStrpS
A81: 3mP&P | B81: N | C81: 2 | D81: ISOMoMAY
A82: AdvantEn | C82: 3 | D82: ISODfMAY
A83: AEPSysOp | C83: 4 | D83: ISOSuMay
A84: AESCreRe | C84: 5 | D84: ISOMoJUN
A85: AESEastE | C85: 6 | D85: ISODfJUN
A86: AESNuEn | C86: 7 | D86: ISOSuJun
A87: AgwayES | C87: 8 | D87: ISOMoJUL
A88: AllegEnS | C88: 9 | D88: ISODfJUL
A89: AllegPwr | C89: 10 | D89: ISOSuJul
A90: AmerHess | C90: 11 | D90: ISOMoAUG
A91: AmherUtl | C91: 12 | D91: ISODfAUG
A92: AquilEPM | C92: 13 | D92: ISOSuAug
A93: AstGenCo | C93: 14 | D93: ISOMoSEP
... A259: WillEnMT | C259: 521 | D259: ETK521
C260: 522 | D260: ETK522
C261: 523 | D261: ETK523
C262: 524 | D262: ETK524
C263: 525 | D263: ETK525
C264: 526 | D264: ETK526
C265: 527 | D265: ETK527
C266: 528 | D266: ETK528
C267: 529 | D267: ETK529
C268: 530 | D268: ETK530
C269: 531 | D269: ETK531
C270: 532 | D270: ETK532
C271: 601 | D271: ENR601
... C618: 999999 | D618: Not defined as of this publication

Sheet Jan OPP
D3: SUBMIT TO: | I3: New York Independent System Operator
D4: sellicap@nyiso.com | I4: Installed Capacity (UCAP) Strip Auction
I6: Offers to Sell
H7: Not To Be Used For The Strip Auction
D8: Auction Month: | E8: January | G8: 1 | K8: Date submitted: | M8: =+'Dec OPP'!M8 -> 36526
G9: Submittal Number | K9: Time submitted: | M9: =+'Dec OPP'!M9 -> 0.625
D11: Registrant Name:
B14: Seller's | F14: Minimum Price | G14: Amount (MW) | H14: Location ( indicate a (1) for chosen area and (0) for other areas)
A15: Offer# | B15: Name | C15: NYC | D15: PTID# | E15: Resource Name | F15: [($/kW- per month) | G15: [express to | H15: NYC | I15: LI | J15: ROS* | K15: PJM | L15: ISO-NE | M15: HQ | N15: O-IMO
C16: Mitigated | F16: express to nearest $.01] | G16: nearest 0.1 MW]
A17: 1 | B17: =IF(D17=0," ",+$E$11) | C17: N | E17: =IF(ISERROR(VLOOKUP(D17,$C$80:$D$700,2)),"",VLOOKUP(D17,$C$80:$D$700,2)) | H17: 0 | I17: 0 | J17: 0 | K17: 0 | L17: 0 | M17: 0 | N17: 0 | O17: =+$E$8 -> January | P17: =+$G$8 -> 1 | Q17: =+$M$8 -> 36526 | R17: =+$M$9 -> 0.625 | S17: =IF(AND(OR(H17=0,H17=1),OR(I17=0,I17=1),OR(J17=0,J17=1),OR(K17=0,K17=1),OR(L17=0,L17=1),OR(N17=0,N17=1),OR(M17=0,M17=1)),0,1) -> 0 | T17: =IF(L17+N17>0,1,0) -> 0 | U17: =IF(SUM(H17:N17)>1,1,0) -> 0 | V17: =IF(AND(G17>0,SUM(H17:N17)=0),1,0) -> 0 | W17: =IF(H17>0,1,0) -> 0
A18: =COUNT($A$17:A17)+1 -> 2 | B18: =IF(D18=0," ",+$E$11) | C18: N | E18: =IF(ISERROR(VLOOKUP(D18,$C$80:$D$700,2)),"",VLOOKUP(D18,$C$80:$D$700,2)) | H18: 0 | I18: 0 | J18: 0 | K18: 0 | L18: 0 | M18: 0 | N18: 0 | O18: =+$E$8 -> January | P18: =+$G$8 -> 1 | Q18: =+$M$8 -> 36526 | R18: =+$M$9 -> 0.625 | S18: =IF(AND(OR(H18=0,H18=1),OR(I18=0,I18=1),OR(J18=0,J18=1),OR(K18=0,K18=1),OR(L18=0,L18=1),OR(N18=0,N18=1),OR(M18=0,M18=1)),0,1) -> 0 | T18: =IF(L18+N18>0,1,0) -> 0 | U18: =IF(SUM(H18:N18)>1,1,0) -> 0 | V18: =IF(AND(G18>0,SUM(H18:N18)=0),1,0) -> 0 | W18: =IF(H18>0,1,0) -> 0
A19: =COUNT($A$17:A18)+1 -> 3 | B19: =IF(D19=0," ",+$E$11) | C19: N | E19: =IF(ISERROR(VLOOKUP(D19,$C$80:$D$700,2)),"",VLOOKUP(D19,$C$80:$D$700,2)) | H19: 0 | I19: 0 | J19: 0 | K19: 0 | L19: 0 | M19: 0 | N19: 0 | O19: =+$E$8 -> January | P19: =+$G$8 -> 1 | Q19: =+$M$8 -> 36526 | R19: =+$M$9 -> 0.625 | S19: =IF(AND(OR(H19=0,H19=1),OR(I19=0,I19=1),OR(J19=0,J19=1),OR(K19=0,K19=1),OR(L19=0,L19=1),OR(N19=0,N19=1),OR(M19=0,M19=1)),0,1) -> 0 | T19: =IF(L19+N19>0,1,0) -> 0 | U19: =IF(SUM(H19:N19)>1,1,0) -> 0 | V19: =IF(AND(G19>0,SUM(H19:N19)=0),1,0) -> 0 | W19: =IF(H19>0,1,0) -> 0
A20: =COUNT($A$17:A19)+1 -> 4 | B20: =IF(D20=0," ",+$E$11) | C20: N | E20: =IF(ISERROR(VLOOKUP(D20,$C$80:$D$700,2)),"",VLOOKUP(D20,$C$80:$D$700,2)) | H20: 0 | I20: 0 | J20: 0 | K20: 0 | L20: 0 | M20: 0 | N20: 0 | O20: =+$E$8 -> January | P20: =+$G$8 -> 1 | Q20: =+$M$8 -> 36526 | R20: =+$M$9 -> 0.625 | S20: =IF(AND(OR(H20=0,H20=1),OR(I20=0,I20=1),OR(J20=0,J20=1),OR(K20=0,K20=1),OR(L20=0,L20=1),OR(N20=0,N20=1),OR(M20=0,M20=1)),0,1) -> 0 | T20: =IF(L20+N20>0,1,0) -> 0 | U20: =IF(SUM(H20:N20)>1,1,0) -> 0 | V20: =IF(AND(G20>0,SUM(H20:N20)=0),1,0) -> 0 | W20: =IF(H20>0,1,0) -> 0
A21: =COUNT($A$17:A20)+1 -> 5 | B21: =IF(D21=0," ",+$E$11) | C21: N | E21: =IF(ISERROR(VLOOKUP(D21,$C$80:$D$700,2)),"",VLOOKUP(D21,$C$80:$D$700,2)) | H21: 0 | I21: 0 | J21: 0 | K21: 0 | L21: 0 | M21: 0 | N21: 0 | O21: =+$E$8 -> January | P21: =+$G$8 -> 1 | Q21: =+$M$8 -> 36526 | R21: =+$M$9 -> 0.625 | S21: =IF(AND(OR(H21=0,H21=1),OR(I21=0,I21=1),OR(J21=0,J21=1),OR(K21=0,K21=1),OR(L21=0,L21=1),OR(N21=0,N21=1),OR(M21=0,M21=1)),0,1) -> 0 | T21: =IF(L21+N21>0,1,0) -> 0 | U21: =IF(SUM(H21:N21)>1,1,0) -> 0 | V21: =IF(AND(G21>0,SUM(H21:N21)=0),1,0) -> 0 | W21: =IF(H21>0,1,0) -> 0
A22: =COUNT($A$17:A21)+1 -> 6 | B22: =IF(D22=0," ",+$E$11) | C22: N | E22: =IF(ISERROR(VLOOKUP(D22,$C$80:$D$700,2)),"",VLOOKUP(D22,$C$80:$D$700,2)) | H22: 0 | I22: 0 | J22: 0 | K22: 0 | L22: 0 | M22: 0 | N22: 0 | O22: =+$E$8 -> January | P22: =+$G$8 -> 1 | Q22: =+$M$8 -> 36526 | R22: =+$M$9 -> 0.625 | S22: =IF(AND(OR(H22=0,H22=1),OR(I22=0,I22=1),OR(J22=0,J22=1),OR(K22=0,K22=1),OR(L22=0,L22=1),OR(N22=0,N22=1),OR(M22=0,M22=1)),0,1) -> 0 | T22: =IF(L22+N22>0,1,0) -> 0 | U22: =IF(SUM(H22:N22)>1,1,0) -> 0 | V22: =IF(AND(G22>0,SUM(H22:N22)=0),1,0) -> 0 | W22: =IF(H22>0,1,0) -> 0
A23: =COUNT($A$17:A22)+1 -> 7 | B23: =IF(D23=0," ",+$E$11) | C23: N | E23: =IF(ISERROR(VLOOKUP(D23,$C$80:$D$700,2)),"",VLOOKUP(D23,$C$80:$D$700,2)) | H23: 0 | I23: 0 | J23: 0 | K23: 0 | L23: 0 | M23: 0 | N23: 0 | O23: =+$E$8 -> January | P23: =+$G$8 -> 1 | Q23: =+$M$8 -> 36526 | R23: =+$M$9 -> 0.625 | S23: =IF(AND(OR(H23=0,H23=1),OR(I23=0,I23=1),OR(J23=0,J23=1),OR(K23=0,K23=1),OR(L23=0,L23=1),OR(N23=0,N23=1),OR(M23=0,M23=1)),0,1) -> 0 | T23: =IF(L23+N23>0,1,0) -> 0 | U23: =IF(SUM(H23:N23)>1,1,0) -> 0 | V23: =IF(AND(G23>0,SUM(H23:N23)=0),1,0) -> 0 | W23: =IF(H23>0,1,0) -> 0
A24: =COUNT($A$17:A23)+1 -> 8 | B24: =IF(D24=0," ",+$E$11) | C24: N | E24: =IF(ISERROR(VLOOKUP(D24,$C$80:$D$700,2)),"",VLOOKUP(D24,$C$80:$D$700,2)) | H24: 0 | I24: 0 | J24: 0 | K24: 0 | L24: 0 | M24: 0 | N24: 0 | O24: =+$E$8 -> January | P24: =+$G$8 -> 1 | Q24: =+$M$8 -> 36526 | R24: =+$M$9 -> 0.625 | S24: =IF(AND(OR(H24=0,H24=1),OR(I24=0,I24=1),OR(J24=0,J24=1),OR(K24=0,K24=1),OR(L24=0,L24=1),OR(N24=0,N24=1),OR(M24=0,M24=1)),0,1) -> 0 | T24: =IF(L24+N24>0,1,0) -> 0 | U24: =IF(SUM(H24:N24)>1,1,0) -> 0 | V24: =IF(AND(G24>0,SUM(H24:N24)=0),1,0) -> 0 | W24: =IF(H24>0,1,0) -> 0
I25: =IF(T25+S25+U25+V25>0,"WARNING:","") | J25: =IF(S25>0,"Values above must be 1's or 0's",IF(T25>0,"NE and Ontario are not participating. These must be 0's",IF(U25>0,"Choose one location only",IF(V25>0,"You must select a location","")))) | S25: =SUM(S17:S24) -> 0 | T25: =SUM(T17:T24) -> 0 | U25: =SUM(U17:U24) -> 0 | V25: =SUM(V17:V24) -> 0 | W25: =SUM(W17:W24) -> 0
A26: Instructions:
A27: * Rest of State - New York Control Area outside of New York City & Long Island
B28: Do Not Delete Yellow Row
B29: Do Not Enter Information
D30: Contact Name: | K30: Contact Phone#:
B32: Your Name | C32: =+'Dec OPP'!C32 -> Your Name Goes Here | J32: Contact Phone#: | L32: =+'Dec OPP'!L32 -> Your Phone # Here
F33: Comments:
B34: Company Name: | C34: =+'Dec OPP'!C34 -> Company
B35: Company Address: | C35: =+'Dec OPP'!C35 -> Address 1
C36: =+'Dec OPP'!C36 -> Address 2
C37: =+'Dec OPP'!C37 -> Address 3
C38: =+'Dec OPP'!C38 -> City, State Zip
B40: Contact E-Mail: | C40: =+'Dec OPP'!C40 -> your @ address here
A79: Short Name | B79: Logical | C79: PTID | D79: Resource Name
A80: 1stRoch | B80: Y | C80: 1 | D80: ISOStrpS
A81: 3mP&P | B81: N | C81: 2 | D81: ISOMoMAY
A82: AdvantEn | C82: 3 | D82: ISODfMAY
A83: AEPSysOp | C83: 4 | D83: ISOSuMay
A84: AESCreRe | C84: 5 | D84: ISOMoJUN
A85: AESEastE | C85: 6 | D85: ISODfJUN
A86: AESNuEn | C86: 7 | D86: ISOSuJun
A87: AgwayES | C87: 8 | D87: ISOMoJUL
A88: AllegEnS | C88: 9 | D88: ISODfJUL
A89: AllegPwr | C89: 10 | D89: ISOSuJul
A90: AmerHess | C90: 11 | D90: ISOMoAUG
A91: AmherUtl | C91: 12 | D91: ISODfAUG
A92: AquilEPM | C92: 13 | D92: ISOSuAug
A93: AstGenCo | C93: 14 | D93: ISOMoSEP
... A259: WillEnMT | C259: 521 | D259: ETK521
C260: 522 | D260: ETK522
C261: 523 | D261: ETK523
C262: 524 | D262: ETK524
C263: 525 | D263: ETK525
C264: 526 | D264: ETK526
C265: 527 | D265: ETK527
C266: 528 | D266: ETK528
C267: 529 | D267: ETK529
C268: 530 | D268: ETK530
C269: 531 | D269: ETK531
C270: 532 | D270: ETK532
C271: 601 | D271: ENR601
... C618: 999999 | D618: Not defined as of this publication

Sheet Feb OPP
D3: SUBMIT TO: | I3: New York Independent System Operator
D4: sellicap@nyiso.com | I4: Installed Capacity (UCAP) Strip Auction
I6: Offers to Sell
H7: Not To Be Used For The Strip Auction
D8: Auction Month: | E8: February | G8: 1 | K8: Date submitted: | M8: =+'Jan OPP'!M8 -> 36526
G9: Submittal Number | K9: Time submitted: | M9: =+'Jan OPP'!M9 -> 0.625
D11: Registrant Name:
B14: Seller's | F14: Minimum Price | G14: Amount (MW) | H14: Location ( indicate a (1) for chosen area and (0) for other areas)
A15: Offer# | B15: Name | C15: NYC | D15: PTID# | E15: Resource Name | F15: [($/kW- per month) | G15: [express to | H15: NYC | I15: LI | J15: ROS* | K15: PJM | L15: ISO-NE | M15: HQ | N15: O-IMO
C16: Mitigated | F16: express to nearest $.01] | G16: nearest 0.1 MW]
A17: 1 | B17: =IF(D17=0," ",+$E$11) | C17: N | E17: =IF(ISERROR(VLOOKUP(D17,$C$80:$D$700,2)),"",VLOOKUP(D17,$C$80:$D$700,2)) | H17: 0 | I17: 0 | J17: 0 | K17: 0 | L17: 0 | M17: 0 | N17: 0 | O17: =+$E$8 -> February | P17: =+$G$8 -> 1 | Q17: =+$M$8 -> 36526 | R17: =+$M$9 -> 0.625 | S17: =IF(AND(OR(H17=0,H17=1),OR(I17=0,I17=1),OR(J17=0,J17=1),OR(K17=0,K17=1),OR(L17=0,L17=1),OR(N17=0,N17=1),OR(M17=0,M17=1)),0,1) -> 0 | T17: =IF(L17+N17>0,1,0) -> 0 | U17: =IF(SUM(H17:N17)>1,1,0) -> 0 | V17: =IF(AND(G17>0,SUM(H17:N17)=0),1,0) -> 0 | W17: =IF(H17>0,1,0) -> 0
A18: =COUNT($A$17:A17)+1 -> 2 | B18: =IF(D18=0," ",+$E$11) | C18: N | E18: =IF(ISERROR(VLOOKUP(D18,$C$80:$D$700,2)),"",VLOOKUP(D18,$C$80:$D$700,2)) | H18: 0 | I18: 0 | J18: 0 | K18: 0 | L18: 0 | M18: 0 | N18: 0 | O18: =+$E$8 -> February | P18: =+$G$8 -> 1 | Q18: =+$M$8 -> 36526 | R18: =+$M$9 -> 0.625 | S18: =IF(AND(OR(H18=0,H18=1),OR(I18=0,I18=1),OR(J18=0,J18=1),OR(K18=0,K18=1),OR(L18=0,L18=1),OR(N18=0,N18=1),OR(M18=0,M18=1)),0,1) -> 0 | T18: =IF(L18+N18>0,1,0) -> 0 | U18: =IF(SUM(H18:N18)>1,1,0) -> 0 | V18: =IF(AND(G18>0,SUM(H18:N18)=0),1,0) -> 0 | W18: =IF(H18>0,1,0) -> 0
A19: =COUNT($A$17:A18)+1 -> 3 | B19: =IF(D19=0," ",+$E$11) | C19: N | E19: =IF(ISERROR(VLOOKUP(D19,$C$80:$D$700,2)),"",VLOOKUP(D19,$C$80:$D$700,2)) | H19: 0 | I19: 0 | J19: 0 | K19: 0 | L19: 0 | M19: 0 | N19: 0 | O19: =+$E$8 -> February | P19: =+$G$8 -> 1 | Q19: =+$M$8 -> 36526 | R19: =+$M$9 -> 0.625 | S19: =IF(AND(OR(H19=0,H19=1),OR(I19=0,I19=1),OR(J19=0,J19=1),OR(K19=0,K19=1),OR(L19=0,L19=1),OR(N19=0,N19=1),OR(M19=0,M19=1)),0,1) -> 0 | T19: =IF(L19+N19>0,1,0) -> 0 | U19: =IF(SUM(H19:N19)>1,1,0) -> 0 | V19: =IF(AND(G19>0,SUM(H19:N19)=0),1,0) -> 0 | W19: =IF(H19>0,1,0) -> 0
A20: =COUNT($A$17:A19)+1 -> 4 | B20: =IF(D20=0," ",+$E$11) | C20: N | E20: =IF(ISERROR(VLOOKUP(D20,$C$80:$D$700,2)),"",VLOOKUP(D20,$C$80:$D$700,2)) | H20: 0 | I20: 0 | J20: 0 | K20: 0 | L20: 0 | M20: 0 | N20: 0 | O20: =+$E$8 -> February | P20: =+$G$8 -> 1 | Q20: =+$M$8 -> 36526 | R20: =+$M$9 -> 0.625 | S20: =IF(AND(OR(H20=0,H20=1),OR(I20=0,I20=1),OR(J20=0,J20=1),OR(K20=0,K20=1),OR(L20=0,L20=1),OR(N20=0,N20=1),OR(M20=0,M20=1)),0,1) -> 0 | T20: =IF(L20+N20>0,1,0) -> 0 | U20: =IF(SUM(H20:N20)>1,1,0) -> 0 | V20: =IF(AND(G20>0,SUM(H20:N20)=0),1,0) -> 0 | W20: =IF(H20>0,1,0) -> 0
A21: =COUNT($A$17:A20)+1 -> 5 | B21: =IF(D21=0," ",+$E$11) | C21: N | E21: =IF(ISERROR(VLOOKUP(D21,$C$80:$D$700,2)),"",VLOOKUP(D21,$C$80:$D$700,2)) | H21: 0 | I21: 0 | J21: 0 | K21: 0 | L21: 0 | M21: 0 | N21: 0 | O21: =+$E$8 -> February | P21: =+$G$8 -> 1 | Q21: =+$M$8 -> 36526 | R21: =+$M$9 -> 0.625 | S21: =IF(AND(OR(H21=0,H21=1),OR(I21=0,I21=1),OR(J21=0,J21=1),OR(K21=0,K21=1),OR(L21=0,L21=1),OR(N21=0,N21=1),OR(M21=0,M21=1)),0,1) -> 0 | T21: =IF(L21+N21>0,1,0) -> 0 | U21: =IF(SUM(H21:N21)>1,1,0) -> 0 | V21: =IF(AND(G21>0,SUM(H21:N21)=0),1,0) -> 0 | W21: =IF(H21>0,1,0) -> 0
A22: =COUNT($A$17:A21)+1 -> 6 | B22: =IF(D22=0," ",+$E$11) | C22: N | E22: =IF(ISERROR(VLOOKUP(D22,$C$80:$D$700,2)),"",VLOOKUP(D22,$C$80:$D$700,2)) | H22: 0 | I22: 0 | J22: 0 | K22: 0 | L22: 0 | M22: 0 | N22: 0 | O22: =+$E$8 -> February | P22: =+$G$8 -> 1 | Q22: =+$M$8 -> 36526 | R22: =+$M$9 -> 0.625 | S22: =IF(AND(OR(H22=0,H22=1),OR(I22=0,I22=1),OR(J22=0,J22=1),OR(K22=0,K22=1),OR(L22=0,L22=1),OR(N22=0,N22=1),OR(M22=0,M22=1)),0,1) -> 0 | T22: =IF(L22+N22>0,1,0) -> 0 | U22: =IF(SUM(H22:N22)>1,1,0) -> 0 | V22: =IF(AND(G22>0,SUM(H22:N22)=0),1,0) -> 0 | W22: =IF(H22>0,1,0) -> 0
A23: =COUNT($A$17:A22)+1 -> 7 | B23: =IF(D23=0," ",+$E$11) | C23: N | E23: =IF(ISERROR(VLOOKUP(D23,$C$80:$D$700,2)),"",VLOOKUP(D23,$C$80:$D$700,2)) | H23: 0 | I23: 0 | J23: 0 | K23: 0 | L23: 0 | M23: 0 | N23: 0 | O23: =+$E$8 -> February | P23: =+$G$8 -> 1 | Q23: =+$M$8 -> 36526 | R23: =+$M$9 -> 0.625 | S23: =IF(AND(OR(H23=0,H23=1),OR(I23=0,I23=1),OR(J23=0,J23=1),OR(K23=0,K23=1),OR(L23=0,L23=1),OR(N23=0,N23=1),OR(M23=0,M23=1)),0,1) -> 0 | T23: =IF(L23+N23>0,1,0) -> 0 | U23: =IF(SUM(H23:N23)>1,1,0) -> 0 | V23: =IF(AND(G23>0,SUM(H23:N23)=0),1,0) -> 0 | W23: =IF(H23>0,1,0) -> 0
A24: =COUNT($A$17:A23)+1 -> 8 | B24: =IF(D24=0," ",+$E$11) | C24: N | E24: =IF(ISERROR(VLOOKUP(D24,$C$80:$D$700,2)),"",VLOOKUP(D24,$C$80:$D$700,2)) | H24: 0 | I24: 0 | J24: 0 | K24: 0 | L24: 0 | M24: 0 | N24: 0 | O24: =+$E$8 -> February | P24: =+$G$8 -> 1 | Q24: =+$M$8 -> 36526 | R24: =+$M$9 -> 0.625 | S24: =IF(AND(OR(H24=0,H24=1),OR(I24=0,I24=1),OR(J24=0,J24=1),OR(K24=0,K24=1),OR(L24=0,L24=1),OR(N24=0,N24=1),OR(M24=0,M24=1)),0,1) -> 0 | T24: =IF(L24+N24>0,1,0) -> 0 | U24: =IF(SUM(H24:N24)>1,1,0) -> 0 | V24: =IF(AND(G24>0,SUM(H24:N24)=0),1,0) -> 0 | W24: =IF(H24>0,1,0) -> 0
I25: =IF(T25+S25+U25+V25>0,"WARNING:","") | J25: =IF(S25>0,"Values above must be 1's or 0's",IF(T25>0,"NE and Ontario are not participating. These must be 0's",IF(U25>0,"Choose one location only",IF(V25>0,"You must select a location","")))) | S25: =SUM(S17:S24) -> 0 | T25: =SUM(T17:T24) -> 0 | U25: =SUM(U17:U24) -> 0 | V25: =SUM(V17:V24) -> 0 | W25: =SUM(W17:W24) -> 0
A26: Instructions:
A27: * Rest of State - New York Control Area outside of New York City & Long Island
B28: Do Not Delete Yellow Row
B29: Do Not Enter Information
D30: Contact Name: | K30: Contact Phone#:
B32: Your Name | C32: =+'Jan OPP'!C32 -> Your Name Goes Here | J32: Contact Phone#: | L32: =+'Jan OPP'!L32 -> Your Phone # Here
F33: Comments:
B34: Company Name: | C34: =+'Jan OPP'!C34 -> Company
B35: Company Address: | C35: =+'Jan OPP'!C35 -> Address 1
C36: =+'Jan OPP'!C36 -> Address 2
C37: =+'Jan OPP'!C37 -> Address 3
C38: =+'Jan OPP'!C38 -> City, State Zip
B40: Contact E-Mail: | C40: =+'Jan OPP'!C40 -> your @ address here
A79: Short Name | B79: Logical | C79: PTID | D79: Resource Name
A80: 1stRoch | B80: Y | C80: 1 | D80: ISOStrpS
A81: 3mP&P | B81: N | C81: 2 | D81: ISOMoMAY
A82: AdvantEn | C82: 3 | D82: ISODfMAY
A83: AEPSysOp | C83: 4 | D83: ISOSuMay
A84: AESCreRe | C84: 5 | D84: ISOMoJUN
A85: AESEastE | C85: 6 | D85: ISODfJUN
A86: AESNuEn | C86: 7 | D86: ISOSuJun
A87: AgwayES | C87: 8 | D87: ISOMoJUL
A88: AllegEnS | C88: 9 | D88: ISODfJUL
A89: AllegPwr | C89: 10 | D89: ISOSuJul
A90: AmerHess | C90: 11 | D90: ISOMoAUG
A91: AmherUtl | C91: 12 | D91: ISODfAUG
A92: AquilEPM | C92: 13 | D92: ISOSuAug
A93: AstGenCo | C93: 14 | D93: ISOMoSEP
... A259: WillEnMT | C259: 521 | D259: ETK521
C260: 522 | D260: ETK522
C261: 523 | D261: ETK523
C262: 524 | D262: ETK524
C263: 525 | D263: ETK525
C264: 526 | D264: ETK526
C265: 527 | D265: ETK527
C266: 528 | D266: ETK528
C267: 529 | D267: ETK529
C268: 530 | D268: ETK530
C269: 531 | D269: ETK531
C270: 532 | D270: ETK532
C271: 601 | D271: ENR601
... C618: 999999 | D618: Not defined as of this publication

Sheet Mar OPP
D3: SUBMIT TO: | I3: New York Independent System Operator
D4: sellicap@nyiso.com | I4: Installed Capacity (UCAP) Strip Auction
I6: Offers to Sell
H7: Not To Be Used For The Strip Auction
D8: Auction Month: | E8: March | G8: 1 | K8: Date submitted: | M8: =+'Feb OPP'!M8 -> 36526
G9: Submittal Number | K9: Time submitted: | M9: =+'Feb OPP'!M9 -> 0.625
D11: Registrant Name:
B14: Seller's | F14: Minimum Price | G14: Amount (MW) | H14: Location ( indicate a (1) for chosen area and (0) for other areas)
A15: Offer# | B15: Name | C15: NYC | D15: PTID# | E15: Resource Name | F15: [($/kW- per month) | G15: [express to | H15: NYC | I15: LI | J15: ROS* | K15: PJM | L15: ISO-NE | M15: HQ | N15: O-IMO
C16: Mitigated | F16: express to nearest $.01] | G16: nearest 0.1 MW]
A17: 1 | B17: =IF(D17=0," ",+$E$11) | C17: N | E17: =IF(ISERROR(VLOOKUP(D17,$C$80:$D$700,2)),"",VLOOKUP(D17,$C$80:$D$700,2)) | H17: 0 | I17: 0 | J17: 0 | K17: 0 | L17: 0 | M17: 0 | N17: 0 | O17: =+$E$8 -> March | P17: =+$G$8 -> 1 | Q17: =+$M$8 -> 36526 | R17: =+$M$9 -> 0.625 | S17: =IF(AND(OR(H17=0,H17=1),OR(I17=0,I17=1),OR(J17=0,J17=1),OR(K17=0,K17=1),OR(L17=0,L17=1),OR(N17=0,N17=1),OR(M17=0,M17=1)),0,1) -> 0 | T17: =IF(L17+N17>0,1,0) -> 0 | U17: =IF(SUM(H17:N17)>1,1,0) -> 0 | V17: =IF(AND(G17>0,SUM(H17:N17)=0),1,0) -> 0 | W17: =IF(H17>0,1,0) -> 0
A18: =COUNT($A$17:A17)+1 -> 2 | B18: =IF(D18=0," ",+$E$11) | C18: N | E18: =IF(ISERROR(VLOOKUP(D18,$C$80:$D$700,2)),"",VLOOKUP(D18,$C$80:$D$700,2)) | H18: 0 | I18: 0 | J18: 0 | K18: 0 | L18: 0 | M18: 0 | N18: 0 | O18: =+$E$8 -> March | P18: =+$G$8 -> 1 | Q18: =+$M$8 -> 36526 | R18: =+$M$9 -> 0.625 | S18: =IF(AND(OR(H18=0,H18=1),OR(I18=0,I18=1),OR(J18=0,J18=1),OR(K18=0,K18=1),OR(L18=0,L18=1),OR(N18=0,N18=1),OR(M18=0,M18=1)),0,1) -> 0 | T18: =IF(L18+N18>0,1,0) -> 0 | U18: =IF(SUM(H18:N18)>1,1,0) -> 0 | V18: =IF(AND(G18>0,SUM(H18:N18)=0),1,0) -> 0 | W18: =IF(H18>0,1,0) -> 0
A19: =COUNT($A$17:A18)+1 -> 3 | B19: =IF(D19=0," ",+$E$11) | C19: N | E19: =IF(ISERROR(VLOOKUP(D19,$C$80:$D$700,2)),"",VLOOKUP(D19,$C$80:$D$700,2)) | H19: 0 | I19: 0 | J19: 0 | K19: 0 | L19: 0 | M19: 0 | N19: 0 | O19: =+$E$8 -> March | P19: =+$G$8 -> 1 | Q19: =+$M$8 -> 36526 | R19: =+$M$9 -> 0.625 | S19: =IF(AND(OR(H19=0,H19=1),OR(I19=0,I19=1),OR(J19=0,J19=1),OR(K19=0,K19=1),OR(L19=0,L19=1),OR(N19=0,N19=1),OR(M19=0,M19=1)),0,1) -> 0 | T19: =IF(L19+N19>0,1,0) -> 0 | U19: =IF(SUM(H19:N19)>1,1,0) -> 0 | V19: =IF(AND(G19>0,SUM(H19:N19)=0),1,0) -> 0 | W19: =IF(H19>0,1,0) -> 0
A20: =COUNT($A$17:A19)+1 -> 4 | B20: =IF(D20=0," ",+$E$11) | C20: N | E20: =IF(ISERROR(VLOOKUP(D20,$C$80:$D$700,2)),"",VLOOKUP(D20,$C$80:$D$700,2)) | H20: 0 | I20: 0 | J20: 0 | K20: 0 | L20: 0 | M20: 0 | N20: 0 | O20: =+$E$8 -> March | P20: =+$G$8 -> 1 | Q20: =+$M$8 -> 36526 | R20: =+$M$9 -> 0.625 | S20: =IF(AND(OR(H20=0,H20=1),OR(I20=0,I20=1),OR(J20=0,J20=1),OR(K20=0,K20=1),OR(L20=0,L20=1),OR(N20=0,N20=1),OR(M20=0,M20=1)),0,1) -> 0 | T20: =IF(L20+N20>0,1,0) -> 0 | U20: =IF(SUM(H20:N20)>1,1,0) -> 0 | V20: =IF(AND(G20>0,SUM(H20:N20)=0),1,0) -> 0 | W20: =IF(H20>0,1,0) -> 0
A21: =COUNT($A$17:A20)+1 -> 5 | B21: =IF(D21=0," ",+$E$11) | C21: N | E21: =IF(ISERROR(VLOOKUP(D21,$C$80:$D$700,2)),"",VLOOKUP(D21,$C$80:$D$700,2)) | H21: 0 | I21: 0 | J21: 0 | K21: 0 | L21: 0 | M21: 0 | N21: 0 | O21: =+$E$8 -> March | P21: =+$G$8 -> 1 | Q21: =+$M$8 -> 36526 | R21: =+$M$9 -> 0.625 | S21: =IF(AND(OR(H21=0,H21=1),OR(I21=0,I21=1),OR(J21=0,J21=1),OR(K21=0,K21=1),OR(L21=0,L21=1),OR(N21=0,N21=1),OR(M21=0,M21=1)),0,1) -> 0 | T21: =IF(L21+N21>0,1,0) -> 0 | U21: =IF(SUM(H21:N21)>1,1,0) -> 0 | V21: =IF(AND(G21>0,SUM(H21:N21)=0),1,0) -> 0 | W21: =IF(H21>0,1,0) -> 0
A22: =COUNT($A$17:A21)+1 -> 6 | B22: =IF(D22=0," ",+$E$11) | C22: N | E22: =IF(ISERROR(VLOOKUP(D22,$C$80:$D$700,2)),"",VLOOKUP(D22,$C$80:$D$700,2)) | H22: 0 | I22: 0 | J22: 0 | K22: 0 | L22: 0 | M22: 0 | N22: 0 | O22: =+$E$8 -> March | P22: =+$G$8 -> 1 | Q22: =+$M$8 -> 36526 | R22: =+$M$9 -> 0.625 | S22: =IF(AND(OR(H22=0,H22=1),OR(I22=0,I22=1),OR(J22=0,J22=1),OR(K22=0,K22=1),OR(L22=0,L22=1),OR(N22=0,N22=1),OR(M22=0,M22=1)),0,1) -> 0 | T22: =IF(L22+N22>0,1,0) -> 0 | U22: =IF(SUM(H22:N22)>1,1,0) -> 0 | V22: =IF(AND(G22>0,SUM(H22:N22)=0),1,0) -> 0 | W22: =IF(H22>0,1,0) -> 0
A23: =COUNT($A$17:A22)+1 -> 7 | B23: =IF(D23=0," ",+$E$11) | C23: N | E23: =IF(ISERROR(VLOOKUP(D23,$C$80:$D$700,2)),"",VLOOKUP(D23,$C$80:$D$700,2)) | H23: 0 | I23: 0 | J23: 0 | K23: 0 | L23: 0 | M23: 0 | N23: 0 | O23: =+$E$8 -> March | P23: =+$G$8 -> 1 | Q23: =+$M$8 -> 36526 | R23: =+$M$9 -> 0.625 | S23: =IF(AND(OR(H23=0,H23=1),OR(I23=0,I23=1),OR(J23=0,J23=1),OR(K23=0,K23=1),OR(L23=0,L23=1),OR(N23=0,N23=1),OR(M23=0,M23=1)),0,1) -> 0 | T23: =IF(L23+N23>0,1,0) -> 0 | U23: =IF(SUM(H23:N23)>1,1,0) -> 0 | V23: =IF(AND(G23>0,SUM(H23:N23)=0),1,0) -> 0 | W23: =IF(H23>0,1,0) -> 0
A24: =COUNT($A$17:A23)+1 -> 8 | B24: =IF(D24=0," ",+$E$11) | C24: N | E24: =IF(ISERROR(VLOOKUP(D24,$C$80:$D$700,2)),"",VLOOKUP(D24,$C$80:$D$700,2)) | H24: 0 | I24: 0 | J24: 0 | K24: 0 | L24: 0 | M24: 0 | N24: 0 | O24: =+$E$8 -> March | P24: =+$G$8 -> 1 | Q24: =+$M$8 -> 36526 | R24: =+$M$9 -> 0.625 | S24: =IF(AND(OR(H24=0,H24=1),OR(I24=0,I24=1),OR(J24=0,J24=1),OR(K24=0,K24=1),OR(L24=0,L24=1),OR(N24=0,N24=1),OR(M24=0,M24=1)),0,1) -> 0 | T24: =IF(L24+N24>0,1,0) -> 0 | U24: =IF(SUM(H24:N24)>1,1,0) -> 0 | V24: =IF(AND(G24>0,SUM(H24:N24)=0),1,0) -> 0 | W24: =IF(H24>0,1,0) -> 0
I25: =IF(T25+S25+U25+V25>0,"WARNING:","") | J25: =IF(S25>0,"Values above must be 1's or 0's",IF(T25>0,"NE and Ontario are not participating. These must be 0's",IF(U25>0,"Choose one location only",IF(V25>0,"You must select a location","")))) | S25: =SUM(S17:S24) -> 0 | T25: =SUM(T17:T24) -> 0 | U25: =SUM(U17:U24) -> 0 | V25: =SUM(V17:V24) -> 0 | W25: =SUM(W17:W24) -> 0
A26: Instructions:
A27: * Rest of State - New York Control Area outside of New York City & Long Island
B28: Do Not Delete Yellow Row
B29: Do Not Enter Information
D30: Contact Name: | K30: Contact Phone#:
B32: Your Name | C32: =+'Feb OPP'!C32 -> Your Name Goes Here | J32: Contact Phone#: | L32: =+'Feb OPP'!L32 -> Your Phone # Here
F33: Comments:
B34: Company Name: | C34: =+'Feb OPP'!C34 -> Company
B35: Company Address: | C35: =+'Feb OPP'!C35 -> Address 1
C36: =+'Feb OPP'!C36 -> Address 2
C37: =+'Feb OPP'!C37 -> Address 3
C38: =+'Feb OPP'!C38 -> City, State Zip
B40: Contact E-Mail: | C40: =+'Feb OPP'!C40 -> your @ address here
A79: Short Name | B79: Logical | C79: PTID | D79: Resource Name
A80: 1stRoch | B80: Y | C80: 1 | D80: ISOStrpS
A81: 3mP&P | B81: N | C81: 2 | D81: ISOMoMAY
A82: AdvantEn | C82: 3 | D82: ISODfMAY
A83: AEPSysOp | C83: 4 | D83: ISOSuMay
A84: AESCreRe | C84: 5 | D84: ISOMoJUN
A85: AESEastE | C85: 6 | D85: ISODfJUN
A86: AESNuEn | C86: 7 | D86: ISOSuJun
A87: AgwayES | C87: 8 | D87: ISOMoJUL
A88: AllegEnS | C88: 9 | D88: ISODfJUL
A89: AllegPwr | C89: 10 | D89: ISOSuJul
A90: AmerHess | C90: 11 | D90: ISOMoAUG
A91: AmherUtl | C91: 12 | D91: ISODfAUG
A92: AquilEPM | C92: 13 | D92: ISOSuAug
A93: AstGenCo | C93: 14 | D93: ISOMoSEP
... A259: WillEnMT | C259: 521 | D259: ETK521
C260: 522 | D260: ETK522
C261: 523 | D261: ETK523
C262: 524 | D262: ETK524
C263: 525 | D263: ETK525
C264: 526 | D264: ETK526
C265: 527 | D265: ETK527
C266: 528 | D266: ETK528
C267: 529 | D267: ETK529
C268: 530 | D268: ETK530
C269: 531 | D269: ETK531
C270: 532 | D270: ETK532
C271: 601 | D271: ENR601
... C618: 999999 | D618: Not defined as of this publication

Sheet Apr OPP
D3: SUBMIT TO: | I3: New York Independent System Operator
D4: sellicap@nyiso.com | I4: Installed Capacity (UCAP) Strip Auction
I6: Offers to Sell
H7: Not To Be Used For The Strip Auction
D8: Auction Month: | E8: April | G8: 1 | K8: Date submitted: | M8: =+'Mar OPP'!M8 -> 36526
G9: Submittal Number | K9: Time submitted: | M9: =+'Mar OPP'!M9 -> 0.625
D11: Registrant Name:
B14: Seller's | F14: Minimum Price | G14: Amount (MW) | H14: Location ( indicate a (1) for chosen area and (0) for other areas)
A15: Offer# | B15: Name | C15: NYC | D15: PTID# | E15: Resource Name | F15: [($/kW- per month) | G15: [express to | H15: NYC | I15: LI | J15: ROS* | K15: PJM | L15: ISO-NE | M15: HQ | N15: O-IMO
C16: Mitigated | F16: express to nearest $.01] | G16: nearest 0.1 MW]
A17: 1 | B17: =IF(D17=0," ",+$E$11) | C17: N | E17: =IF(ISERROR(VLOOKUP(D17,$C$80:$D$700,2)),"",VLOOKUP(D17,$C$80:$D$700,2)) | H17: 0 | I17: 0 | J17: 0 | K17: 0 | L17: 0 | M17: 0 | N17: 0 | O17: =+$E$8 -> April | P17: =+$G$8 -> 1 | Q17: =+$M$8 -> 36526 | R17: =+$M$9 -> 0.625 | S17: =IF(AND(OR(H17=0,H17=1),OR(I17=0,I17=1),OR(J17=0,J17=1),OR(K17=0,K17=1),OR(L17=0,L17=1),OR(N17=0,N17=1),OR(M17=0,M17=1)),0,1) -> 0 | T17: =IF(L17+N17>0,1,0) -> 0 | U17: =IF(SUM(H17:N17)>1,1,0) -> 0 | V17: =IF(AND(G17>0,SUM(H17:N17)=0),1,0) -> 0 | W17: =IF(H17>0,1,0) -> 0
A18: =COUNT($A$17:A17)+1 -> 2 | B18: =IF(D18=0," ",+$E$11) | C18: N | E18: =IF(ISERROR(VLOOKUP(D18,$C$80:$D$700,2)),"",VLOOKUP(D18,$C$80:$D$700,2)) | H18: 0 | I18: 0 | J18: 0 | K18: 0 | L18: 0 | M18: 0 | N18: 0 | O18: =+$E$8 -> April | P18: =+$G$8 -> 1 | Q18: =+$M$8 -> 36526 | R18: =+$M$9 -> 0.625 | S18: =IF(AND(OR(H18=0,H18=1),OR(I18=0,I18=1),OR(J18=0,J18=1),OR(K18=0,K18=1),OR(L18=0,L18=1),OR(N18=0,N18=1),OR(M18=0,M18=1)),0,1) -> 0 | T18: =IF(L18+N18>0,1,0) -> 0 | U18: =IF(SUM(H18:N18)>1,1,0) -> 0 | V18: =IF(AND(G18>0,SUM(H18:N18)=0),1,0) -> 0 | W18: =IF(H18>0,1,0) -> 0
A19: =COUNT($A$17:A18)+1 -> 3 | B19: =IF(D19=0," ",+$E$11) | C19: N | E19: =IF(ISERROR(VLOOKUP(D19,$C$80:$D$700,2)),"",VLOOKUP(D19,$C$80:$D$700,2)) | H19: 0 | I19: 0 | J19: 0 | K19: 0 | L19: 0 | M19: 0 | N19: 0 | O19: =+$E$8 -> April | P19: =+$G$8 -> 1 | Q19: =+$M$8 -> 36526 | R19: =+$M$9 -> 0.625 | S19: =IF(AND(OR(H19=0,H19=1),OR(I19=0,I19=1),OR(J19=0,J19=1),OR(K19=0,K19=1),OR(L19=0,L19=1),OR(N19=0,N19=1),OR(M19=0,M19=1)),0,1) -> 0 | T19: =IF(L19+N19>0,1,0) -> 0 | U19: =IF(SUM(H19:N19)>1,1,0) -> 0 | V19: =IF(AND(G19>0,SUM(H19:N19)=0),1,0) -> 0 | W19: =IF(H19>0,1,0) -> 0
A20: =COUNT($A$17:A19)+1 -> 4 | B20: =IF(D20=0," ",+$E$11) | C20: N | E20: =IF(ISERROR(VLOOKUP(D20,$C$80:$D$700,2)),"",VLOOKUP(D20,$C$80:$D$700,2)) | H20: 0 | I20: 0 | J20: 0 | K20: 0 | L20: 0 | M20: 0 | N20: 0 | O20: =+$E$8 -> April | P20: =+$G$8 -> 1 | Q20: =+$M$8 -> 36526 | R20: =+$M$9 -> 0.625 | S20: =IF(AND(OR(H20=0,H20=1),OR(I20=0,I20=1),OR(J20=0,J20=1),OR(K20=0,K20=1),OR(L20=0,L20=1),OR(N20=0,N20=1),OR(M20=0,M20=1)),0,1) -> 0 | T20: =IF(L20+N20>0,1,0) -> 0 | U20: =IF(SUM(H20:N20)>1,1,0) -> 0 | V20: =IF(AND(G20>0,SUM(H20:N20)=0),1,0) -> 0 | W20: =IF(H20>0,1,0) -> 0
A21: =COUNT($A$17:A20)+1 -> 5 | B21: =IF(D21=0," ",+$E$11) | C21: N | E21: =IF(ISERROR(VLOOKUP(D21,$C$80:$D$700,2)),"",VLOOKUP(D21,$C$80:$D$700,2)) | H21: 0 | I21: 0 | J21: 0 | K21: 0 | L21: 0 | M21: 0 | N21: 0 | O21: =+$E$8 -> April | P21: =+$G$8 -> 1 | Q21: =+$M$8 -> 36526 | R21: =+$M$9 -> 0.625 | S21: =IF(AND(OR(H21=0,H21=1),OR(I21=0,I21=1),OR(J21=0,J21=1),OR(K21=0,K21=1),OR(L21=0,L21=1),OR(N21=0,N21=1),OR(M21=0,M21=1)),0,1) -> 0 | T21: =IF(L21+N21>0,1,0) -> 0 | U21: =IF(SUM(H21:N21)>1,1,0) -> 0 | V21: =IF(AND(G21>0,SUM(H21:N21)=0),1,0) -> 0 | W21: =IF(H21>0,1,0) -> 0
A22: =COUNT($A$17:A21)+1 -> 6 | B22: =IF(D22=0," ",+$E$11) | C22: N | E22: =IF(ISERROR(VLOOKUP(D22,$C$80:$D$700,2)),"",VLOOKUP(D22,$C$80:$D$700,2)) | H22: 0 | I22: 0 | J22: 0 | K22: 0 | L22: 0 | M22: 0 | N22: 0 | O22: =+$E$8 -> April | P22: =+$G$8 -> 1 | Q22: =+$M$8 -> 36526 | R22: =+$M$9 -> 0.625 | S22: =IF(AND(OR(H22=0,H22=1),OR(I22=0,I22=1),OR(J22=0,J22=1),OR(K22=0,K22=1),OR(L22=0,L22=1),OR(N22=0,N22=1),OR(M22=0,M22=1)),0,1) -> 0 | T22: =IF(L22+N22>0,1,0) -> 0 | U22: =IF(SUM(H22:N22)>1,1,0) -> 0 | V22: =IF(AND(G22>0,SUM(H22:N22)=0),1,0) -> 0 | W22: =IF(H22>0,1,0) -> 0
A23: =COUNT($A$17:A22)+1 -> 7 | B23: =IF(D23=0," ",+$E$11) | C23: N | E23: =IF(ISERROR(VLOOKUP(D23,$C$80:$D$700,2)),"",VLOOKUP(D23,$C$80:$D$700,2)) | H23: 0 | I23: 0 | J23: 0 | K23: 0 | L23: 0 | M23: 0 | N23: 0 | O23: =+$E$8 -> April | P23: =+$G$8 -> 1 | Q23: =+$M$8 -> 36526 | R23: =+$M$9 -> 0.625 | S23: =IF(AND(OR(H23=0,H23=1),OR(I23=0,I23=1),OR(J23=0,J23=1),OR(K23=0,K23=1),OR(L23=0,L23=1),OR(N23=0,N23=1),OR(M23=0,M23=1)),0,1) -> 0 | T23: =IF(L23+N23>0,1,0) -> 0 | U23: =IF(SUM(H23:N23)>1,1,0) -> 0 | V23: =IF(AND(G23>0,SUM(H23:N23)=0),1,0) -> 0 | W23: =IF(H23>0,1,0) -> 0
A24: =COUNT($A$17:A23)+1 -> 8 | B24: =IF(D24=0," ",+$E$11) | C24: N | E24: =IF(ISERROR(VLOOKUP(D24,$C$80:$D$700,2)),"",VLOOKUP(D24,$C$80:$D$700,2)) | H24: 0 | I24: 0 | J24: 0 | K24: 0 | L24: 0 | M24: 0 | N24: 0 | O24: =+$E$8 -> April | P24: =+$G$8 -> 1 | Q24: =+$M$8 -> 36526 | R24: =+$M$9 -> 0.625 | S24: =IF(AND(OR(H24=0,H24=1),OR(I24=0,I24=1),OR(J24=0,J24=1),OR(K24=0,K24=1),OR(L24=0,L24=1),OR(N24=0,N24=1),OR(M24=0,M24=1)),0,1) -> 0 | T24: =IF(L24+N24>0,1,0) -> 0 | U24: =IF(SUM(H24:N24)>1,1,0) -> 0 | V24: =IF(AND(G24>0,SUM(H24:N24)=0),1,0) -> 0 | W24: =IF(H24>0,1,0) -> 0
I25: =IF(T25+S25+U25+V25>0,"WARNING:","") | J25: =IF(S25>0,"Values above must be 1's or 0's",IF(T25>0,"NE and Ontario are not participating. These must be 0's",IF(U25>0,"Choose one location only",IF(V25>0,"You must select a location","")))) | S25: =SUM(S17:S24) -> 0 | T25: =SUM(T17:T24) -> 0 | U25: =SUM(U17:U24) -> 0 | V25: =SUM(V17:V24) -> 0 | W25: =SUM(W17:W24) -> 0
A26: Instructions:
A27: * Rest of State - New York Control Area outside of New York City & Long Island
B28: Do Not Delete Yellow Row
B29: Do Not Enter Information
D30: Contact Name: | K30: Contact Phone#:
B32: Your Name | C32: =+'Mar OPP'!C32 -> Your Name Goes Here | J32: Contact Phone#: | L32: =+'Mar OPP'!L32 -> Your Phone # Here
F33: Comments:
B34: Company Name: | C34: =+'Mar OPP'!C34 -> Company
B35: Company Address: | C35: =+'Mar OPP'!C35 -> Address 1
C36: =+'Mar OPP'!C36 -> Address 2
C37: =+'Mar OPP'!C37 -> Address 3
C38: =+'Mar OPP'!C38 -> City, State Zip
B40: Contact E-Mail: | C40: =+'Mar OPP'!C40 -> your @ address here
A79: Short Name | B79: Logical | C79: PTID | D79: Resource Name
A80: 1stRoch | B80: Y | C80: 1 | D80: ISOStrpS
A81: 3mP&P | B81: N | C81: 2 | D81: ISOMoMAY
A82: AdvantEn | C82: 3 | D82: ISODfMAY
A83: AEPSysOp | C83: 4 | D83: ISOSuMay
A84: AESCreRe | C84: 5 | D84: ISOMoJUN
A85: AESEastE | C85: 6 | D85: ISODfJUN
A86: AESNuEn | C86: 7 | D86: ISOSuJun
A87: AgwayES | C87: 8 | D87: ISOMoJUL
A88: AllegEnS | C88: 9 | D88: ISODfJUL
A89: AllegPwr | C89: 10 | D89: ISOSuJul
A90: AmerHess | C90: 11 | D90: ISOMoAUG
A91: AmherUtl | C91: 12 | D91: ISODfAUG
A92: AquilEPM | C92: 13 | D92: ISOSuAug
A93: AstGenCo | C93: 14 | D93: ISOMoSEP
... A259: WillEnMT | C259: 521 | D259: ETK521
C260: 522 | D260: ETK522
C261: 523 | D261: ETK523
C262: 524 | D262: ETK524
C263: 525 | D263: ETK525
C264: 526 | D264: ETK526
C265: 527 | D265: ETK527
C266: 528 | D266: ETK528
C267: 529 | D267: ETK529
C268: 530 | D268: ETK530
C269: 531 | D269: ETK531
C270: 532 | D270: ETK532
C271: 601 | D271: ENR601
... C618: 999999 | D618: Not defined as of this publication

Sheet Strip Award
A13: If you change the size of the table, MAKE SURE that you copy the contents of range B17:F17 to area B18:F (bottom)
A16: Offer# | B16: PTID# | C16: Minimum Price Offered [($/kW- 6 month) express to nearest $.01] | D16: Amount (MW) [expressed to nearest 0.1 MW] | E16: Loc. | F16: Amount (MW) Sold | G16: Market Clearing Price | H16: Sold Amount $ | I16: NYC Mitigated
A17: 1 | B17: =+'Offers-Strip'!D17 -> 0 | C17: =+'Offers-Strip'!F17 -> 0 | D17: =+'Offers-Strip'!G17 -> 0 | E17: =IF('Offers-Strip'!G17=0," ",IF('Offers-Strip'!H17=1,"NYC",IF('Offers-Strip'!I17=1,"LI",IF('Offers-Strip'!J17=1,"ROS",IF('Offers-Strip'!K17=1,"NE",IF('Offers-Strip'!L17=1,"NE",IF('Offers-Strip'!M17=1,"HQ",IF('Offers-Strip'!N17=1,"OH"," ")))))))) | H17: =F17*G17*1000 -> 0 | I17: =+'Offers-Strip'!C17 -> N
A18: =COUNT($A$17:A17)+1 -> 2 | B18: =+'Offers-Strip'!D18 -> 0 | C18: =+'Offers-Strip'!F18 -> 0 | D18: =+'Offers-Strip'!G18 -> 0 | E18: =IF('Offers-Strip'!G18=0," ",IF('Offers-Strip'!H18=1,"NYC",IF('Offers-Strip'!I18=1,"LI",IF('Offers-Strip'!J18=1,"ROS",IF('Offers-Strip'!K18=1,"NE",IF('Offers-Strip'!L18=1,"NE",IF('Offers-Strip'!M18=1,"HQ",IF('Offers-Strip'!N18=1,"OH"," ")))))))) | H18: =F18*G18*1000 -> 0 | I18: =+'Offers-Strip'!C18 -> N
A19: =COUNT($A$17:A18)+1 -> 3 | B19: =+'Offers-Strip'!D19 -> 0 | C19: =+'Offers-Strip'!F19 -> 0 | D19: =+'Offers-Strip'!G19 -> 0 | E19: =IF('Offers-Strip'!G19=0," ",IF('Offers-Strip'!H19=1,"NYC",IF('Offers-Strip'!I19=1,"LI",IF('Offers-Strip'!J19=1,"ROS",IF('Offers-Strip'!K19=1,"NE",IF('Offers-Strip'!L19=1,"NE",IF('Offers-Strip'!M19=1,"HQ",IF('Offers-Strip'!N19=1,"OH"," ")))))))) | H19: =F19*G19*1000 -> 0 | I19: =+'Offers-Strip'!C19 -> N
A20: =COUNT($A$17:A19)+1 -> 4 | B20: =+'Offers-Strip'!D20 -> 0 | C20: =+'Offers-Strip'!F20 -> 0 | D20: =+'Offers-Strip'!G20 -> 0 | E20: =IF('Offers-Strip'!G20=0," ",IF('Offers-Strip'!H20=1,"NYC",IF('Offers-Strip'!I20=1,"LI",IF('Offers-Strip'!J20=1,"ROS",IF('Offers-Strip'!K20=1,"NE",IF('Offers-Strip'!L20=1,"NE",IF('Offers-Strip'!M20=1,"HQ",IF('Offers-Strip'!N20=1,"OH"," ")))))))) | H20: =F20*G20*1000 -> 0 | I20: =+'Offers-Strip'!C20 -> N
A21: =COUNT($A$17:A20)+1 -> 5 | B21: =+'Offers-Strip'!D21 -> 0 | C21: =+'Offers-Strip'!F21 -> 0 | D21: =+'Offers-Strip'!G21 -> 0 | E21: =IF('Offers-Strip'!G21=0," ",IF('Offers-Strip'!H21=1,"NYC",IF('Offers-Strip'!I21=1,"LI",IF('Offers-Strip'!J21=1,"ROS",IF('Offers-Strip'!K21=1,"NE",IF('Offers-Strip'!L21=1,"NE",IF('Offers-Strip'!M21=1,"HQ",IF('Offers-Strip'!N21=1,"OH"," ")))))))) | H21: =F21*G21*1000 -> 0 | I21: =+'Offers-Strip'!C21 -> N
A22: =COUNT($A$17:A21)+1 -> 6 | B22: =+'Offers-Strip'!D22 -> 0 | C22: =+'Offers-Strip'!F22 -> 0 | D22: =+'Offers-Strip'!G22 -> 0 | E22: =IF('Offers-Strip'!G22=0," ",IF('Offers-Strip'!H22=1,"NYC",IF('Offers-Strip'!I22=1,"LI",IF('Offers-Strip'!J22=1,"ROS",IF('Offers-Strip'!K22=1,"NE",IF('Offers-Strip'!L22=1,"NE",IF('Offers-Strip'!M22=1,"HQ",IF('Offers-Strip'!N22=1,"OH"," ")))))))) | H22: =F22*G22*1000 -> 0 | I22: =+'Offers-Strip'!C22 -> N
A23: =COUNT($A$17:A22)+1 -> 7 | B23: =+'Offers-Strip'!D23 -> 0 | C23: =+'Offers-Strip'!F23 -> 0 | D23: =+'Offers-Strip'!G23 -> 0 | E23: =IF('Offers-Strip'!G23=0," ",IF('Offers-Strip'!H23=1,"NYC",IF('Offers-Strip'!I23=1,"LI",IF('Offers-Strip'!J23=1,"ROS",IF('Offers-Strip'!K23=1,"NE",IF('Offers-Strip'!L23=1,"NE",IF('Offers-Strip'!M23=1,"HQ",IF('Offers-Strip'!N23=1,"OH"," ")))))))) | H23: =F23*G23*1000 -> 0 | I23: =+'Offers-Strip'!C23 -> N
A24: =COUNT($A$17:A23)+1 -> 8 | B24: =+'Offers-Strip'!D24 -> 0 | C24: =+'Offers-Strip'!F24 -> 0 | D24: =+'Offers-Strip'!G24 -> 0 | E24: =IF('Offers-Strip'!G24=0," ",IF('Offers-Strip'!H24=1,"NYC",IF('Offers-Strip'!I24=1,"LI",IF('Offers-Strip'!J24=1,"ROS",IF('Offers-Strip'!K24=1,"NE",IF('Offers-Strip'!L24=1,"NE",IF('Offers-Strip'!M24=1,"HQ",IF('Offers-Strip'!N24=1,"OH"," ")))))))) | H24: =F24*G24*1000 -> 0 | I24: =+'Offers-Strip'!C24 -> N
C25: Period Purchased: | D25: =+'Offers-Strip'!E8 -> 0 | F25: Total Value Sold | H25: =SUM(H17:H24) -> 0

Sheet Monthly OPP Awards
A1: Delete Rows working from the last month and work yourself up to current. Deleting top down will cause errors.
A2: Insert Rows working from the last month and work yourself up to current. Inserting top down will cause errors.
I3: If you change the size of the table, MAKE SURE that you copy the contents of the
I4: first tabel row B:F to the end of the table area B:F
A5: Offer# | B5: PTID# | C5: Minimum Price Offered [($/kW- per month) express to nearest $.01] | D5: Amount (MW) [expressed to nearest 0.1 MW] | E5: Loc. | F5: Amount (MW) Sold | G5: Market Clearing Price | H5: Sold Amount $ | I5: NYC Mitigated
A6: 1 | B6: =+'Nov OPP'!D17 -> 0 | C6: =+'Nov OPP'!F17 -> 0 | D6: =+'Nov OPP'!G17 -> 0 | E6: =IF('Nov OPP'!G17=0," ",IF('Nov OPP'!H17=1,"NYC",IF('Nov OPP'!I17=1,"LI",IF('Nov OPP'!J17=1,"ROS",IF('Nov OPP'!K17=1,"NE",IF('Nov OPP'!L17=1,"NE",IF('Nov OPP'!M17=1,"HQ",IF('Nov OPP'!N17=1,"OH"," ")))))))) | H6: =F6*G6*1000 -> 0 | I6: =+'Nov OPP'!C17 -> N | J6: =+IF(+SUM(A6:A13)<SUM('Nov OPP'!$A$17:$A$24),"INSERT Rows",IF(SUM(A6:A13)>SUM('Nov OPP'!$A$17:$A$24)," DELETE Rows"," "))
A7: =COUNT($A$6:A6)+1 -> 2 | B7: =+'Nov OPP'!D18 -> 0 | C7: =+'Nov OPP'!F18 -> 0 | D7: =+'Nov OPP'!G18 -> 0 | E7: =IF('Nov OPP'!G18=0," ",IF('Nov OPP'!H18=1,"NYC",IF('Nov OPP'!I18=1,"LI",IF('Nov OPP'!J18=1,"ROS",IF('Nov OPP'!K18=1,"NE",IF('Nov OPP'!L18=1,"NE",IF('Nov OPP'!M18=1,"HQ",IF('Nov OPP'!N18=1,"OH"," ")))))))) | H7: =F7*G7*1000 -> 0 | I7: =+'Nov OPP'!C18 -> N
A8: =COUNT($A$6:A7)+1 -> 3 | B8: =+'Nov OPP'!D19 -> 0 | C8: =+'Nov OPP'!F19 -> 0 | D8: =+'Nov OPP'!G19 -> 0 | E8: =IF('Nov OPP'!G19=0," ",IF('Nov OPP'!H19=1,"NYC",IF('Nov OPP'!I19=1,"LI",IF('Nov OPP'!J19=1,"ROS",IF('Nov OPP'!K19=1,"NE",IF('Nov OPP'!L19=1,"NE",IF('Nov OPP'!M19=1,"HQ",IF('Nov OPP'!N19=1,"OH"," ")))))))) | H8: =F8*G8*1000 -> 0 | I8: =+'Nov OPP'!C19 -> N
A9: =COUNT($A$6:A8)+1 -> 4 | B9: =+'Nov OPP'!D20 -> 0 | C9: =+'Nov OPP'!F20 -> 0 | D9: =+'Nov OPP'!G20 -> 0 | E9: =IF('Nov OPP'!G20=0," ",IF('Nov OPP'!H20=1,"NYC",IF('Nov OPP'!I20=1,"LI",IF('Nov OPP'!J20=1,"ROS",IF('Nov OPP'!K20=1,"NE",IF('Nov OPP'!L20=1,"NE",IF('Nov OPP'!M20=1,"HQ",IF('Nov OPP'!N20=1,"OH"," ")))))))) | H9: =F9*G9*1000 -> 0 | I9: =+'Nov OPP'!C20 -> N
A10: =COUNT($A$6:A9)+1 -> 5 | B10: =+'Nov OPP'!D21 -> 0 | C10: =+'Nov OPP'!F21 -> 0 | D10: =+'Nov OPP'!G21 -> 0 | E10: =IF('Nov OPP'!G21=0," ",IF('Nov OPP'!H21=1,"NYC",IF('Nov OPP'!I21=1,"LI",IF('Nov OPP'!J21=1,"ROS",IF('Nov OPP'!K21=1,"NE",IF('Nov OPP'!L21=1,"NE",IF('Nov OPP'!M21=1,"HQ",IF('Nov OPP'!N21=1,"OH"," ")))))))) | H10: =F10*G10*1000 -> 0 | I10: =+'Nov OPP'!C21 -> N
A11: =COUNT($A$6:A10)+1 -> 6 | B11: =+'Nov OPP'!D22 -> 0 | C11: =+'Nov OPP'!F22 -> 0 | D11: =+'Nov OPP'!G22 -> 0 | E11: =IF('Nov OPP'!G22=0," ",IF('Nov OPP'!H22=1,"NYC",IF('Nov OPP'!I22=1,"LI",IF('Nov OPP'!J22=1,"ROS",IF('Nov OPP'!K22=1,"NE",IF('Nov OPP'!L22=1,"NE",IF('Nov OPP'!M22=1,"HQ",IF('Nov OPP'!N22=1,"OH"," ")))))))) | H11: =F11*G11*1000 -> 0 | I11: =+'Nov OPP'!C22 -> N
A12: =COUNT($A$6:A11)+1 -> 7 | B12: =+'Nov OPP'!D23 -> 0 | C12: =+'Nov OPP'!F23 -> 0 | D12: =+'Nov OPP'!G23 -> 0 | E12: =IF('Nov OPP'!G23=0," ",IF('Nov OPP'!H23=1,"NYC",IF('Nov OPP'!I23=1,"LI",IF('Nov OPP'!J23=1,"ROS",IF('Nov OPP'!K23=1,"NE",IF('Nov OPP'!L23=1,"NE",IF('Nov OPP'!M23=1,"HQ",IF('Nov OPP'!N23=1,"OH"," ")))))))) | H12: =F12*G12*1000 -> 0 | I12: =+'Nov OPP'!C23 -> N
A13: =COUNT($A$6:A12)+1 -> 8 | B13: =+'Nov OPP'!D24 -> 0 | C13: =+'Nov OPP'!F24 -> 0 | D13: =+'Nov OPP'!G24 -> 0 | E13: =IF('Nov OPP'!G24=0," ",IF('Nov OPP'!H24=1,"NYC",IF('Nov OPP'!I24=1,"LI",IF('Nov OPP'!J24=1,"ROS",IF('Nov OPP'!K24=1,"NE",IF('Nov OPP'!L24=1,"NE",IF('Nov OPP'!M24=1,"HQ",IF('Nov OPP'!N24=1,"OH"," ")))))))) | H13: =F13*G13*1000 -> 0 | I13: =+'Nov OPP'!C24 -> N
C14: Month Sold: | D14: =+'Nov OPP'!E8 -> November | F14: Total Value Sold | H14: =SUM(H6:H13) -> 0 | J14: If you change the size of the table, MAKE SURE that you copy the contents of the
J15: first tabel row B:F to the end of the table area B:F
A16: Offer# | B16: PTID# | C16: Minimum Price Offered [($/kW- per month) express to nearest $.01] | D16: Amount (MW) [expressed to nearest 0.1 MW] | E16: Loc. | F16: Amount (MW) Sold | G16: Market Clearing Price | H16: Sold Amount $ | I16: NYC Mitigated
A17: 1 | B17: =+'Dec OPP'!D17 -> 0 | C17: =+'Dec OPP'!E17 | D17: =+'Dec OPP'!F17 -> 0 | E17: =+'Dec OPP'!G17 -> 0 | H17: =F17*G17*1000 -> 0 | I17: =+'Dec OPP'!C17 -> N | J17: =+IF(+SUM(A17:A24)<SUM('Dec OPP'!$A$17:$A$24),"INSERT Rows",IF(SUM(A17:A24)>SUM('Dec OPP'!$A$17:$A$24)," DELETE Rows"," "))
A18: =COUNT($A$17:A17)+1 -> 2 | B18: =+'Dec OPP'!D18 -> 0 | C18: =+'Dec OPP'!E18 | D18: =+'Dec OPP'!F18 -> 0 | E18: =+'Dec OPP'!G18 -> 0 | H18: =F18*G18*1000 -> 0 | I18: =+'Dec OPP'!C18 -> N
A19: =COUNT($A$17:A18)+1 -> 3 | B19: =+'Dec OPP'!D19 -> 0 | C19: =+'Dec OPP'!E19 | D19: =+'Dec OPP'!F19 -> 0 | E19: =+'Dec OPP'!G19 -> 0 | H19: =F19*G19*1000 -> 0 | I19: =+'Dec OPP'!C19 -> N
A20: =COUNT($A$17:A19)+1 -> 4 | B20: =+'Dec OPP'!D20 -> 0 | C20: =+'Dec OPP'!E20 | D20: =+'Dec OPP'!F20 -> 0 | E20: =+'Dec OPP'!G20 -> 0 | H20: =F20*G20*1000 -> 0 | I20: =+'Dec OPP'!C20 -> N
A21: =COUNT($A$17:A20)+1 -> 5 | B21: =+'Dec OPP'!D21 -> 0 | C21: =+'Dec OPP'!E21 | D21: =+'Dec OPP'!F21 -> 0 | E21: =+'Dec OPP'!G21 -> 0 | H21: =F21*G21*1000 -> 0 | I21: =+'Dec OPP'!C21 -> N
A22: =COUNT($A$17:A21)+1 -> 6 | B22: =+'Dec OPP'!D22 -> 0 | C22: =+'Dec OPP'!E22 | D22: =+'Dec OPP'!F22 -> 0 | E22: =+'Dec OPP'!G22 -> 0 | H22: =F22*G22*1000 -> 0 | I22: =+'Dec OPP'!C22 -> N
A23: =COUNT($A$17:A22)+1 -> 7 | B23: =+'Dec OPP'!D23 -> 0 | C23: =+'Dec OPP'!E23 | D23: =+'Dec OPP'!F23 -> 0 | E23: =+'Dec OPP'!G23 -> 0 | H23: =F23*G23*1000 -> 0 | I23: =+'Dec OPP'!C23 -> N
A24: =COUNT($A$17:A23)+1 -> 8 | B24: =+'Dec OPP'!D24 -> 0 | C24: =+'Dec OPP'!E24 | D24: =+'Dec OPP'!F24 -> 0 | E24: =+'Dec OPP'!G24 -> 0 | H24: =F24*G24*1000 -> 0 | I24: =+'Dec OPP'!C24 -> N
C25: Month Sold: | D25: =+'Dec OPP'!E8 -> December | F25: Total Value Sold | H25: =SUM(H17:H24) -> 0 | J25: If you change the size of the table, MAKE SURE that you copy the contents of the
J26: first tabel row B:F to the end of the table area B:F
A27: Offer# | B27: PTID# | C27: Minimum Price Offered [($/kW- per month) express to nearest $.01] | D27: Amount (MW) [expressed to nearest 0.1 MW] | E27: Loc. | F27: Amount (MW) Sold | G27: Market Clearing Price | H27: Sold Amount $ | I27: NYC Mitigated
A28: 1 | B28: =+'Jan OPP'!D17 -> 0 | C28: =+'Jan OPP'!F17 -> 0 | D28: =+'Jan OPP'!G17 -> 0 | E28: =IF('Jan OPP'!G17=0," ",IF('Jan OPP'!H17=1,"NYC",IF('Jan OPP'!I17=1,"LI",IF('Jan OPP'!J17=1,"ROS",IF('Jan OPP'!K17=1,"NE",IF('Jan OPP'!L17=1,"NE",IF('Jan OPP'!M17=1,"HQ",IF('Jan OPP'!N17=1,"OH"," ")))))))) | H28: =F28*G28*1000 -> 0 | I28: =+'Jan OPP'!C17 -> N | J28: =+IF(+SUM(A28:A35)<SUM('Jan OPP'!$A$17:$A$24),"INSERT Rows",IF(SUM(A28:A35)>SUM('Jan OPP'!$A$17:$A$24)," DELETE Rows"," "))
A29: =COUNT($A$28:A28)+1 -> 2 | B29: =+'Jan OPP'!D18 -> 0 | C29: =+'Jan OPP'!F18 -> 0 | D29: =+'Jan OPP'!G18 -> 0 | E29: =IF('Jan OPP'!G18=0," ",IF('Jan OPP'!H18=1,"NYC",IF('Jan OPP'!I18=1,"LI",IF('Jan OPP'!J18=1,"ROS",IF('Jan OPP'!K18=1,"NE",IF('Jan OPP'!L18=1,"NE",IF('Jan OPP'!M18=1,"HQ",IF('Jan OPP'!N18=1,"OH"," ")))))))) | H29: =F29*G29*1000 -> 0 | I29: =+'Jan OPP'!C18 -> N
A30: =COUNT($A$28:A29)+1 -> 3 | B30: =+'Jan OPP'!D19 -> 0 | C30: =+'Jan OPP'!F19 -> 0 | D30: =+'Jan OPP'!G19 -> 0 | E30: =IF('Jan OPP'!G19=0," ",IF('Jan OPP'!H19=1,"NYC",IF('Jan OPP'!I19=1,"LI",IF('Jan OPP'!J19=1,"ROS",IF('Jan OPP'!K19=1,"NE",IF('Jan OPP'!L19=1,"NE",IF('Jan OPP'!M19=1,"HQ",IF('Jan OPP'!N19=1,"OH"," ")))))))) | H30: =F30*G30*1000 -> 0 | I30: =+'Jan OPP'!C19 -> N
A31: =COUNT($A$28:A30)+1 -> 4 | B31: =+'Jan OPP'!D20 -> 0 | C31: =+'Jan OPP'!F20 -> 0 | D31: =+'Jan OPP'!G20 -> 0 | E31: =IF('Jan OPP'!G20=0," ",IF('Jan OPP'!H20=1,"NYC",IF('Jan OPP'!I20=1,"LI",IF('Jan OPP'!J20=1,"ROS",IF('Jan OPP'!K20=1,"NE",IF('Jan OPP'!L20=1,"NE",IF('Jan OPP'!M20=1,"HQ",IF('Jan OPP'!N20=1,"OH"," ")))))))) | H31: =F31*G31*1000 -> 0 | I31: =+'Jan OPP'!C20 -> N
A32: =COUNT($A$28:A31)+1 -> 5 | B32: =+'Jan OPP'!D21 -> 0 | C32: =+'Jan OPP'!F21 -> 0 | D32: =+'Jan OPP'!G21 -> 0 | E32: =IF('Jan OPP'!G21=0," ",IF('Jan OPP'!H21=1,"NYC",IF('Jan OPP'!I21=1,"LI",IF('Jan OPP'!J21=1,"ROS",IF('Jan OPP'!K21=1,"NE",IF('Jan OPP'!L21=1,"NE",IF('Jan OPP'!M21=1,"HQ",IF('Jan OPP'!N21=1,"OH"," ")))))))) | H32: =F32*G32*1000 -> 0 | I32: =+'Jan OPP'!C21 -> N
A33: =COUNT($A$28:A32)+1 -> 6 | B33: =+'Jan OPP'!D22 -> 0 | C33: =+'Jan OPP'!F22 -> 0 | D33: =+'Jan OPP'!G22 -> 0 | E33: =IF('Jan OPP'!G22=0," ",IF('Jan OPP'!H22=1,"NYC",IF('Jan OPP'!I22=1,"LI",IF('Jan OPP'!J22=1,"ROS",IF('Jan OPP'!K22=1,"NE",IF('Jan OPP'!L22=1,"NE",IF('Jan OPP'!M22=1,"HQ",IF('Jan OPP'!N22=1,"OH"," ")))))))) | H33: =F33*G33*1000 -> 0 | I33: =+'Jan OPP'!C22 -> N
A34: =COUNT($A$28:A33)+1 -> 7 | B34: =+'Jan OPP'!D23 -> 0 | C34: =+'Jan OPP'!F23 -> 0 | D34: =+'Jan OPP'!G23 -> 0 | E34: =IF('Jan OPP'!G23=0," ",IF('Jan OPP'!H23=1,"NYC",IF('Jan OPP'!I23=1,"LI",IF('Jan OPP'!J23=1,"ROS",IF('Jan OPP'!K23=1,"NE",IF('Jan OPP'!L23=1,"NE",IF('Jan OPP'!M23=1,"HQ",IF('Jan OPP'!N23=1,"OH"," ")))))))) | H34: =F34*G34*1000 -> 0 | I34: =+'Jan OPP'!C23 -> N
A35: =COUNT($A$28:A34)+1 -> 8 | B35: =+'Jan OPP'!D24 -> 0 | C35: =+'Jan OPP'!F24 -> 0 | D35: =+'Jan OPP'!G24 -> 0 | E35: =IF('Jan OPP'!G24=0," ",IF('Jan OPP'!H24=1,"NYC",IF('Jan OPP'!I24=1,"LI",IF('Jan OPP'!J24=1,"ROS",IF('Jan OPP'!K24=1,"NE",IF('Jan OPP'!L24=1,"NE",IF('Jan OPP'!M24=1,"HQ",IF('Jan OPP'!N24=1,"OH"," ")))))))) | H35: =F35*G35*1000 -> 0 | I35: =+'Jan OPP'!C24 -> N
C36: Month Sold: | D36: =+'Jan OPP'!E8 -> January | F36: Total Value Sold | H36: =SUM(H28:H35) -> 0 | J36: If you change the size of the table, MAKE SURE that you copy the contents of the
J37: first tabel row B:F to the end of the table area B:F
A38: Offer# | B38: PTID# | C38: Minimum Price Offered [($/kW- per month) express to nearest $.01] | D38: Amount (MW) [expressed to nearest 0.1 MW] | E38: Loc. | F38: Amount (MW) Sold | G38: Market Clearing Price | H38: Sold Amount $ | I38: NYC Mitigated
A39: 1 | B39: =+'Feb OPP'!D17 -> 0 | C39: =+'Feb OPP'!E17 | D39: =+'Feb OPP'!F17 -> 0 | E39: =+'Feb OPP'!G17 -> 0 | H39: =F39*G39*1000 -> 0 | I39: =+'Feb OPP'!C17 -> N | J39: =+IF(+SUM(A39:A46)<SUM('Feb OPP'!$A$17:$A$24),"INSERT Rows",IF(SUM(A39:A46)>SUM('Feb OPP'!$A$17:$A$24)," DELETE Rows"," "))
A40: =COUNT($A$39:A39)+1 -> 2 | B40: =+'Feb OPP'!D18 -> 0 | C40: =+'Feb OPP'!E18 | D40: =+'Feb OPP'!F18 -> 0 | E40: =+'Feb OPP'!G18 -> 0 | H40: =F40*G40*1000 -> 0 | I40: =+'Feb OPP'!C18 -> N
A41: =COUNT($A$39:A40)+1 -> 3 | B41: =+'Feb OPP'!D19 -> 0 | C41: =+'Feb OPP'!E19 | D41: =+'Feb OPP'!F19 -> 0 | E41: =+'Feb OPP'!G19 -> 0 | H41: =F41*G41*1000 -> 0 | I41: =+'Feb OPP'!C19 -> N
A42: =COUNT($A$39:A41)+1 -> 4 | B42: =+'Feb OPP'!D20 -> 0 | C42: =+'Feb OPP'!E20 | D42: =+'Feb OPP'!F20 -> 0 | E42: =+'Feb OPP'!G20 -> 0 | H42: =F42*G42*1000 -> 0 | I42: =+'Feb OPP'!C20 -> N
A43: =COUNT($A$39:A42)+1 -> 5 | B43: =+'Feb OPP'!D21 -> 0 | C43: =+'Feb OPP'!E21 | D43: =+'Feb OPP'!F21 -> 0 | E43: =+'Feb OPP'!G21 -> 0 | H43: =F43*G43*1000 -> 0 | I43: =+'Feb OPP'!C21 -> N
A44: =COUNT($A$39:A43)+1 -> 6 | B44: =+'Feb OPP'!D22 -> 0 | C44: =+'Feb OPP'!E22 | D44: =+'Feb OPP'!F22 -> 0 | E44: =+'Feb OPP'!G22 -> 0 | H44: =F44*G44*1000 -> 0 | I44: =+'Feb OPP'!C22 -> N
A45: =COUNT($A$39:A44)+1 -> 7 | B45: =+'Feb OPP'!D23 -> 0 | C45: =+'Feb OPP'!E23 | D45: =+'Feb OPP'!F23 -> 0 | E45: =+'Feb OPP'!G23 -> 0 | H45: =F45*G45*1000 -> 0 | I45: =+'Feb OPP'!C23 -> N
A46: =COUNT($A$39:A45)+1 -> 8 | B46: =+'Feb OPP'!D24 -> 0 | C46: =+'Feb OPP'!E24 | D46: =+'Feb OPP'!F24 -> 0 | E46: =+'Feb OPP'!G24 -> 0 | H46: =F46*G46*1000 -> 0 | I46: =+'Feb OPP'!C24 -> N
C47: Month Sold: | D47: =+'Feb OPP'!E8 -> February | F47: Total Value Sold | H47: =SUM(H39:H46) -> 0 | J47: If you change the size of the table, MAKE SURE that you copy the contents of the
J48: first tabel row B:F to the end of the table area B:F
A49: Offer# | B49: PTID# | C49: Minimum Price Offered [($/kW- per month) express to nearest $.01] | D49: Amount (MW) [expressed to nearest 0.1 MW] | E49: Loc. | F49: Amount (MW) Sold | G49: Market Clearing Price | H49: Sold Amount $ | I49: NYC Mitigated
A50: 1 | B50: =+'Mar OPP'!D17 -> 0 | C50: =+'Mar OPP'!F17 -> 0 | D50: =+'Mar OPP'!G17 -> 0 | E50: =IF('Mar OPP'!G17=0," ",IF('Mar OPP'!H17=1,"NYC",IF('Mar OPP'!I17=1,"LI",IF('Mar OPP'!J17=1,"ROS",IF('Mar OPP'!K17=1,"NE",IF('Mar OPP'!L17=1,"NE",IF('Mar OPP'!M17=1,"HQ",IF('Mar OPP'!N17=1,"OH"," ")))))))) | H50: =F50*G50*1000 -> 0 | I50: =+'Mar OPP'!C17 -> N | J50: =+IF(+SUM(A50:A57)<SUM('Mar OPP'!$A$17:$A$24),"INSERT Rows",IF(SUM(A50:A57)>SUM('Mar OPP'!$A$17:$A$24)," DELETE Rows"," "))
A51: =COUNT($A$50:A50)+1 -> 2 | B51: =+'Mar OPP'!D18 -> 0 | C51: =+'Mar OPP'!F18 -> 0 | D51: =+'Mar OPP'!G18 -> 0 | E51: =IF('Mar OPP'!G18=0," ",IF('Mar OPP'!H18=1,"NYC",IF('Mar OPP'!I18=1,"LI",IF('Mar OPP'!J18=1,"ROS",IF('Mar OPP'!K18=1,"NE",IF('Mar OPP'!L18=1,"NE",IF('Mar OPP'!M18=1,"HQ",IF('Mar OPP'!N18=1,"OH"," ")))))))) | H51: =F51*G51*1000 -> 0 | I51: =+'Mar OPP'!C18 -> N
A52: =COUNT($A$50:A51)+1 -> 3 | B52: =+'Mar OPP'!D19 -> 0 | C52: =+'Mar OPP'!F19 -> 0 | D52: =+'Mar OPP'!G19 -> 0 | E52: =IF('Mar OPP'!G19=0," ",IF('Mar OPP'!H19=1,"NYC",IF('Mar OPP'!I19=1,"LI",IF('Mar OPP'!J19=1,"ROS",IF('Mar OPP'!K19=1,"NE",IF('Mar OPP'!L19=1,"NE",IF('Mar OPP'!M19=1,"HQ",IF('Mar OPP'!N19=1,"OH"," ")))))))) | H52: =F52*G52*1000 -> 0 | I52: =+'Mar OPP'!C19 -> N
A53: =COUNT($A$50:A52)+1 -> 4 | B53: =+'Mar OPP'!D20 -> 0 | C53: =+'Mar OPP'!F20 -> 0 | D53: =+'Mar OPP'!G20 -> 0 | E53: =IF('Mar OPP'!G20=0," ",IF('Mar OPP'!H20=1,"NYC",IF('Mar OPP'!I20=1,"LI",IF('Mar OPP'!J20=1,"ROS",IF('Mar OPP'!K20=1,"NE",IF('Mar OPP'!L20=1,"NE",IF('Mar OPP'!M20=1,"HQ",IF('Mar OPP'!N20=1,"OH"," ")))))))) | H53: =F53*G53*1000 -> 0 | I53: =+'Mar OPP'!C20 -> N
A54: =COUNT($A$50:A53)+1 -> 5 | B54: =+'Mar OPP'!D21 -> 0 | C54: =+'Mar OPP'!F21 -> 0 | D54: =+'Mar OPP'!G21 -> 0 | E54: =IF('Mar OPP'!G21=0," ",IF('Mar OPP'!H21=1,"NYC",IF('Mar OPP'!I21=1,"LI",IF('Mar OPP'!J21=1,"ROS",IF('Mar OPP'!K21=1,"NE",IF('Mar OPP'!L21=1,"NE",IF('Mar OPP'!M21=1,"HQ",IF('Mar OPP'!N21=1,"OH"," ")))))))) | H54: =F54*G54*1000 -> 0 | I54: =+'Mar OPP'!C21 -> N
A55: =COUNT($A$50:A54)+1 -> 6 | B55: =+'Mar OPP'!D22 -> 0 | C55: =+'Mar OPP'!F22 -> 0 | D55: =+'Mar OPP'!G22 -> 0 | E55: =IF('Mar OPP'!G22=0," ",IF('Mar OPP'!H22=1,"NYC",IF('Mar OPP'!I22=1,"LI",IF('Mar OPP'!J22=1,"ROS",IF('Mar OPP'!K22=1,"NE",IF('Mar OPP'!L22=1,"NE",IF('Mar OPP'!M22=1,"HQ",IF('Mar OPP'!N22=1,"OH"," ")))))))) | H55: =F55*G55*1000 -> 0 | I55: =+'Mar OPP'!C22 -> N
A56: =COUNT($A$50:A55)+1 -> 7 | B56: =+'Mar OPP'!D23 -> 0 | C56: =+'Mar OPP'!F23 -> 0 | D56: =+'Mar OPP'!G23 -> 0 | E56: =IF('Mar OPP'!G23=0," ",IF('Mar OPP'!H23=1,"NYC",IF('Mar OPP'!I23=1,"LI",IF('Mar OPP'!J23=1,"ROS",IF('Mar OPP'!K23=1,"NE",IF('Mar OPP'!L23=1,"NE",IF('Mar OPP'!M23=1,"HQ",IF('Mar OPP'!N23=1,"OH"," ")))))))) | H56: =F56*G56*1000 -> 0 | I56: =+'Mar OPP'!C23 -> N
A57: =COUNT($A$50:A56)+1 -> 8 | B57: =+'Mar OPP'!D24 -> 0 | C57: =+'Mar OPP'!F24 -> 0 | D57: =+'Mar OPP'!G24 -> 0 | E57: =IF('Mar OPP'!G24=0," ",IF('Mar OPP'!H24=1,"NYC",IF('Mar OPP'!I24=1,"LI",IF('Mar OPP'!J24=1,"ROS",IF('Mar OPP'!K24=1,"NE",IF('Mar OPP'!L24=1,"NE",IF('Mar OPP'!M24=1,"HQ",IF('Mar OPP'!N24=1,"OH"," ")))))))) | H57: =F57*G57*1000 -> 0 | I57: =+'Mar OPP'!C24 -> N
C58: Month Sold: | D58: =+'Mar OPP'!E8 -> March | F58: Total Value Sold | H58: =SUM(H50:H57) -> 0 | J58: If you change the size of the table, MAKE SURE that you copy the contents of the
J59: first tabel row B:F to the end of the table area B:F
A60: Offer# | B60: PTID# | C60: Minimum Price Offered [($/kW- per month) express to nearest $.01] | D60: Amount (MW) [expressed to nearest 0.1 MW] | E60: Loc. | F60: Amount (MW) Sold | G60: Market Clearing Price | H60: Sold Amount $ | I60: NYC Mitigated
A61: 1 | B61: =+'Apr OPP'!D17 -> 0 | C61: =+'Apr OPP'!F17 -> 0 | D61: =+'Apr OPP'!G17 -> 0 | E61: =IF('Apr OPP'!G17=0," ",IF('Apr OPP'!H17=1,"NYC",IF('Apr OPP'!I17=1,"LI",IF('Apr OPP'!J17=1,"ROS",IF('Apr OPP'!K17=1,"NE",IF('Apr OPP'!L17=1,"NE",IF('Apr OPP'!M17=1,"HQ",IF('Apr OPP'!N17=1,"OH"," ")))))))) | H61: =F61*G61*1000 -> 0 | I61: =+'Apr OPP'!C17 -> N | J61: =+IF(+SUM(A61:A68)<SUM('Apr OPP'!$A$17:$A$24),"INSERT Rows",IF(SUM(A61:A68)>SUM('Apr OPP'!$A$17:$A$24)," DELETE Rows"," "))
A62: =COUNT($A$61:A61)+1 -> 2 | B62: =+'Apr OPP'!D18 -> 0 | C62: =+'Apr OPP'!F18 -> 0 | D62: =+'Apr OPP'!G18 -> 0 | E62: =IF('Apr OPP'!G18=0," ",IF('Apr OPP'!H18=1,"NYC",IF('Apr OPP'!I18=1,"LI",IF('Apr OPP'!J18=1,"ROS",IF('Apr OPP'!K18=1,"NE",IF('Apr OPP'!L18=1,"NE",IF('Apr OPP'!M18=1,"HQ",IF('Apr OPP'!N18=1,"OH"," ")))))))) | H62: =F62*G62*1000 -> 0 | I62: =+'Apr OPP'!C18 -> N
A63: =COUNT($A$61:A62)+1 -> 3 | B63: =+'Apr OPP'!D19 -> 0 | C63: =+'Apr OPP'!F19 -> 0 | D63: =+'Apr OPP'!G19 -> 0 | E63: =IF('Apr OPP'!G19=0," ",IF('Apr OPP'!H19=1,"NYC",IF('Apr OPP'!I19=1,"LI",IF('Apr OPP'!J19=1,"ROS",IF('Apr OPP'!K19=1,"NE",IF('Apr OPP'!L19=1,"NE",IF('Apr OPP'!M19=1,"HQ",IF('Apr OPP'!N19=1,"OH"," ")))))))) | H63: =F63*G63*1000 -> 0 | I63: =+'Apr OPP'!C19 -> N
A64: =COUNT($A$61:A63)+1 -> 4 | B64: =+'Apr OPP'!D20 -> 0 | C64: =+'Apr OPP'!F20 -> 0 | D64: =+'Apr OPP'!G20 -> 0 | E64: =IF('Apr OPP'!G20=0," ",IF('Apr OPP'!H20=1,"NYC",IF('Apr OPP'!I20=1,"LI",IF('Apr OPP'!J20=1,"ROS",IF('Apr OPP'!K20=1,"NE",IF('Apr OPP'!L20=1,"NE",IF('Apr OPP'!M20=1,"HQ",IF('Apr OPP'!N20=1,"OH"," ")))))))) | H64: =F64*G64*1000 -> 0 | I64: =+'Apr OPP'!C20 -> N
A65: =COUNT($A$61:A64)+1 -> 5 | B65: =+'Apr OPP'!D21 -> 0 | C65: =+'Apr OPP'!F21 -> 0 | D65: =+'Apr OPP'!G21 -> 0 | E65: =IF('Apr OPP'!G21=0," ",IF('Apr OPP'!H21=1,"NYC",IF('Apr OPP'!I21=1,"LI",IF('Apr OPP'!J21=1,"ROS",IF('Apr OPP'!K21=1,"NE",IF('Apr OPP'!L21=1,"NE",IF('Apr OPP'!M21=1,"HQ",IF('Apr OPP'!N21=1,"OH"," ")))))))) | H65: =F65*G65*1000 -> 0 | I65: =+'Apr OPP'!C21 -> N
A66: =COUNT($A$61:A65)+1 -> 6 | B66: =+'Apr OPP'!D22 -> 0 | C66: =+'Apr OPP'!F22 -> 0 | D66: =+'Apr OPP'!G22 -> 0 | E66: =IF('Apr OPP'!G22=0," ",IF('Apr OPP'!H22=1,"NYC",IF('Apr OPP'!I22=1,"LI",IF('Apr OPP'!J22=1,"ROS",IF('Apr OPP'!K22=1,"NE",IF('Apr OPP'!L22=1,"NE",IF('Apr OPP'!M22=1,"HQ",IF('Apr OPP'!N22=1,"OH"," ")))))))) | H66: =F66*G66*1000 -> 0 | I66: =+'Apr OPP'!C22 -> N
A67: =COUNT($A$61:A66)+1 -> 7 | B67: =+'Apr OPP'!D23 -> 0 | C67: =+'Apr OPP'!F23 -> 0 | D67: =+'Apr OPP'!G23 -> 0 | E67: =IF('Apr OPP'!G23=0," ",IF('Apr OPP'!H23=1,"NYC",IF('Apr OPP'!I23=1,"LI",IF('Apr OPP'!J23=1,"ROS",IF('Apr OPP'!K23=1,"NE",IF('Apr OPP'!L23=1,"NE",IF('Apr OPP'!M23=1,"HQ",IF('Apr OPP'!N23=1,"OH"," ")))))))) | H67: =F67*G67*1000 -> 0 | I67: =+'Apr OPP'!C23 -> N
A68: =COUNT($A$61:A67)+1 -> 8 | B68: =+'Apr OPP'!D24 -> 0 | C68: =+'Apr OPP'!F24 -> 0 | D68: =+'Apr OPP'!G24 -> 0 | E68: =IF('Apr OPP'!G24=0," ",IF('Apr OPP'!H24=1,"NYC",IF('Apr OPP'!I24=1,"LI",IF('Apr OPP'!J24=1,"ROS",IF('Apr OPP'!K24=1,"NE",IF('Apr OPP'!L24=1,"NE",IF('Apr OPP'!M24=1,"HQ",IF('Apr OPP'!N24=1,"OH"," ")))))))) | H68: =F68*G68*1000 -> 0 | I68: =+'Apr OPP'!C24 -> N
C69: Month Sold: | D69: =+'Apr OPP'!E8 -> April | F69: Total Value Sold | H69: =SUM(H61:H68) -> 0
A113: =ROWS('Nov OPP'!A17:A24) -> 8
A114: =ROWS(A6:A13) -> 8
A115: =A113-A114 -> 0

Sheet Offers to Sell (2)
E1: New York Independent System Operator
E2: Installed Capacity (ICAP) Obligatory Period Auction
E6: Offers to Sell
A10: Registrant Name:
A12: Phase #: | F12: ICAP Obligation Period Auction (6 mth)
B15: Min. Price | C15: Amount | F15: Location*
A16: Bid # | B16: ($/kW) | C16: (MW) | D16: NYC | E16: LI | F16: ROS** | G16: PJM | H16: HQ
A34: Instructions*
A36: * Locations must be checked using the number one (1).
A37: ** Rest of State - New York Control Area outside of New York City & Long Island
A40: Contact Name: | G40: Contact #:
A41: Company Name:
A42: Company Address:
A46: Contact E-Mail:
